"train1","train2","train3"
0,1,1
0,1,1
0,1,0
0,0,1
1,1,1
1,1,1
1,1,1
0,1,1
1,1,0
1,0,1
1,1,1
0,0,0
0,0,1
1,1,1
1,1,1
1,1,1
1,0,1
1,1,1
1,0,1
1,0,0
1,1,1
1,1,1
1,1,1
1,0,1
0,0,1
1,1,1
1,1,0
1,1,1
0,1,0
1,1,1
0,1,0
1,1,0
1,1,1
1,0,0
1,1,1
1,1,1
1,0,1
0,1,0
1,1,1
0,1,1
1,1,1
1,1,0
0,1,1
1,1,1
1,1,1
1,0,0
1,0,0
1,1,1
1,1,1
1,1,1
1,1,0
1,1,1
0,1,0
1,1,0
1,1,1
1,1,1
1,1,1
1,1,1
0,1,1
1,1,1
1,1,1
1,0,1
1,1,0
0,0,1
1,1,1
0,1,0
1,1,1
1,1,1
1,0,1
1,1,1
0,1,1
0,1,0
1,1,1
1,1,0
0,0,1
1,1,1
1,0,0
1,1,1
0,1,0
1,1,1
1,1,1
1,1,0
0,0,1
0,1,1
1,0,1
0,1,1
0,0,1
1,0,0
1,1,0
1,1,1
0,0,1
1,0,1
1,1,1
0,1,1
0,1,0
1,1,1
1,0,1
1,1,1
1,1,1
0,1,1
1,1,1
0,1,1
1,1,1
1,1,0
1,1,1
1,1,0
0,1,1
1,1,1
1,1,1
1,1,1
1,1,0
1,1,0
1,1,1
1,1,1
1,0,1
1,1,0
1,1,1
1,0,0
0,1,1
1,1,1
0,1,1
1,1,0
1,1,0
1,1,1
0,1,1
1,1,0
1,1,0
1,0,1
0,1,1
1,1,1
1,1,1
1,1,1
1,1,1
0,1,1
1,1,1
1,1,1
0,1,0
1,1,1
1,1,1
0,1,1
1,1,1
1,1,0
1,0,0
1,1,0
1,1,0
1,0,1
1,1,0
0,0,1
1,1,1
1,1,1
1,0,0
1,1,1
0,1,1
1,0,1
0,1,1
1,0,1
1,1,0
0,1,1
0,1,1
0,1,1
1,1,1
1,1,1
0,1,1
1,1,1
0,1,1
1,1,1
1,1,1
1,0,1
1,1,1
1,1,0
1,1,1
1,1,1
1,1,0
1,1,1
1,1,1
1,1,1
1,1,1
1,1,1
1,0,0
1,1,1
1,0,0
1,1,1
1,0,1
1,1,1
1,1,0
1,0,1
1,1,0
1,1,1
1,1,1
1,1,0
1,1,1
1,1,1
0,1,1
1,0,1
0,0,1
1,0,0
1,0,1
1,1,1
0,1,0
1,1,1
1,1,0
1,1,1
1,1,1
1,1,1
1,1,0
1,1,1
1,0,1
1,1,1
1,0,1
1,1,0
1,1,1
0,1,1
0,0,1
1,1,1
0,1,0
1,1,1
0,1,0
0,0,1
0,0,1
1,1,1
1,1,0
1,1,1
1,1,1
0,1,1
1,1,1
1,1,1
1,0,0
0,1,1
0,1,1
1,0,1
0,1,0
1,1,1
1,1,1
0,1,1
1,1,1
0,0,1
1,1,0
1,1,1
0,1,1
1,1,1
1,0,1
1,1,1
1,1,1
1,1,1
0,1,1
1,1,1
1,1,1
1,0,1
0,0,1
1,1,1
1,1,1
1,1,1
1,1,0
1,1,0
1,1,1
1,0,0
0,1,0
0,1,1
1,1,1
0,1,1
1,1,1
1,1,0
1,0,1
0,0,1
1,1,1
1,0,1
1,1,1
1,1,1
1,1,1
1,1,1
1,1,0
1,0,0
1,0,1
1,1,1
0,1,1
1,1,1
1,1,1
0,1,1
1,1,1
1,1,1
1,0,1
0,1,1
1,1,1
1,1,1
1,1,0
1,0,1
1,0,0
1,1,1
1,1,0
1,1,1
0,1,1
1,1,0
1,1,1
0,1,1
1,1,1
1,1,1
1,1,1
1,1,1
1,1,1
0,0,1
1,1,1
1,0,1
1,1,1
1,1,1
0,1,1
1,1,1
1,1,1
1,0,1
1,1,1
1,1,1
1,1,0
0,1,1
1,0,0
0,1,1
1,1,0
1,1,1
1,0,1
1,1,0
1,0,1
1,0,1
0,1,0
1,1,0
1,1,1
1,1,1
0,1,0
1,1,1
1,1,1
1,1,1
1,0,1
1,1,1
1,1,0
1,1,1
0,1,0
1,1,1
0,0,1
1,1,1
1,1,1
1,1,1
1,1,1
1,1,1
1,0,1
1,1,1
0,1,1
0,0,1
1,0,1
0,1,0
1,1,1
1,1,1
1,0,1
1,1,1
1,1,1
1,1,1
1,1,1
0,1,1
1,1,1
1,1,0
1,1,1
1,1,1
1,1,1
1,0,1
0,1,1
1,1,0
1,1,1
0,1,0
1,1,1
1,1,1
0,1,1
1,1,1
1,1,0
1,1,0
1,1,0
1,0,1
0,0,0
1,1,1
0,1,0
1,1,0
1,1,1
1,0,1
1,1,0
0,1,1
1,1,0
1,1,1
0,0,0
1,1,1
1,1,1
1,1,1
1,1,0
1,1,1
0,1,1
1,1,1
1,1,0
1,1,1
1,1,1
1,1,1
1,1,1
1,1,0
1,1,1
1,1,0
1,0,1
1,1,1
1,1,0
1,0,0
1,1,1
1,1,0
1,1,0
1,0,1
1,1,0
1,1,1
1,0,1
0,1,1
1,1,0
1,1,1
0,1,1
0,1,1
1,1,1
0,1,1
1,0,1
1,0,1
1,1,1
1,1,1
1,1,1
1,0,0
0,0,1
1,1,1
0,1,1
1,1,1
1,1,0
1,1,1
1,1,1
1,1,1
1,1,0
1,0,1
1,1,1
1,1,1
1,1,1
1,1,1
1,1,0
1,1,1
1,1,1
1,1,1
1,0,0
0,1,1
1,0,1
1,1,1
1,1,1
1,1,1
1,1,0
0,0,1
0,0,0
0,1,1
1,1,1
1,1,1
1,1,1
0,1,1
0,1,1
1,0,1
1,1,1
1,1,0
1,1,0
0,1,1
0,1,0
0,0,1
1,1,1
0,1,1
1,0,0
1,1,1
1,0,1
1,1,1
1,0,1
0,0,1
1,0,0
1,0,1
1,1,1
0,1,1
1,1,1
1,1,1
0,1,1
1,1,1
1,0,1
1,1,1
0,1,0
0,1,1
1,0,1
1,0,0
1,1,0
1,1,1
1,1,1
1,1,1
1,1,1
1,1,1
1,0,0
1,1,0
1,1,0
1,1,1
1,0,1
1,1,1
1,1,1
1,1,1
1,0,0
1,1,1
0,1,1
0,1,1
1,1,1
1,1,0
1,0,1
1,1,1
0,0,1
0,1,1
1,1,1
1,1,1
1,1,1
1,1,0
1,1,0
1,1,1
1,0,0
0,1,1
0,1,1
1,1,1
1,1,1
1,1,0
1,1,1
1,1,1
1,1,1
1,0,1
1,1,0
1,1,1
1,1,1
1,0,0
1,1,0
1,1,1
1,0,0
1,1,0
1,1,1
1,1,1
1,1,1
1,1,1
1,1,1
0,1,1
1,0,1
0,1,1
1,0,1
1,1,0
1,1,1
1,0,1
1,1,1
0,1,1
1,1,1
1,1,1
1,1,1
1,1,1
0,1,1
1,1,1
1,1,1
1,1,0
0,0,1
0,1,1
1,1,1
1,0,0
0,1,1
1,1,0
1,1,1
1,1,1
1,1,1
1,1,1
1,1,1
1,1,1
1,1,1
1,1,0
0,1,1
0,0,0
1,1,1
1,1,0
1,1,1
1,1,1
1,1,0
0,1,1
1,1,1
1,1,0
1,1,0
1,1,1
1,1,1
1,0,1
1,1,1
1,1,1
1,1,1
1,1,0
1,1,1
1,1,1
1,1,1
0,1,1
1,1,0
1,1,1
1,1,0
0,1,1
1,1,1
1,0,1
1,1,1
1,1,1
0,1,1
1,1,1
0,1,1
0,1,1
0,1,1
1,1,0
1,1,1
1,1,1
1,1,1
1,1,1
1,1,1
1,1,1
0,1,0
1,1,1
1,1,1
1,1,1
1,1,1
1,1,1
1,1,1
1,1,1
1,1,1
1,1,1
1,1,1
1,1,1
1,1,1
1,1,1
0,1,1
1,1,0
1,1,1
1,1,1
1,0,1
1,1,1
1,0,1
1,1,1
1,0,1
1,1,0
1,0,1
1,0,0
1,1,1
1,1,1
1,1,1
1,0,1
1,1,1
0,1,1
0,1,0
0,1,1
1,1,0
1,1,1
1,1,0
1,1,1
1,1,0
0,1,1
0,1,1
1,1,0
1,1,1
0,1,1
1,1,1
1,1,1
1,1,1
0,1,1
1,1,1
1,0,0
0,1,1
1,1,1
1,1,1
1,1,0
0,1,1
0,1,1
1,1,1
1,1,1
1,0,0
1,1,1
0,1,1
0,1,1
1,0,0
1,1,1
0,1,1
1,1,1
0,0,1
1,0,1
1,1,1
1,1,0
0,1,1
1,1,0
1,0,1
1,0,1
1,0,1
1,0,1
1,1,1
1,1,0
1,1,1
1,1,1
1,1,1
0,1,0
1,0,1
0,1,1
0,1,0
1,1,0
1,1,0
1,1,1
1,1,1
1,1,1
0,1,1
1,1,1
1,1,1
0,1,1
0,0,1
1,1,0
0,1,1
1,1,0
1,1,1
1,0,1
1,1,0
0,1,1
1,1,1
1,1,1
1,1,1
0,1,1
1,1,0
0,1,1
1,0,1
1,1,1
0,1,1
1,1,1
1,0,1
1,1,1
1,1,1
0,0,1
1,1,1
0,1,1
0,1,0
1,1,1
1,1,1
1,1,0
1,0,0
0,1,0
1,1,1
1,1,1
1,1,1
1,1,0
1,1,0
1,1,0
1,1,1
1,1,1
1,1,1
1,1,0
1,0,1
1,1,1
1,1,1
0,0,1
1,1,1
1,0,0
1,1,1
1,1,0
1,0,1
1,1,1
1,1,0
1,1,1
0,1,1
1,1,1
1,1,1
1,1,1
0,1,1
1,1,1
1,1,1
1,1,0
1,1,0
1,1,1
1,1,0
1,0,1
1,0,1
1,1,1
1,1,1
1,1,0
1,1,0
0,1,0
0,1,1
1,1,0
1,1,1
1,1,0
1,1,1
1,1,1
1,1,1
1,1,1
0,1,0
0,0,1
0,1,0
0,0,1
1,1,1
1,1,1
1,0,1
1,1,1
0,1,0
1,1,1
1,1,1
1,1,1
1,0,1
1,0,1
1,1,1
0,1,1
1,1,1
1,1,1
1,1,1
0,0,1
1,1,1
1,1,1
1,1,1
1,1,0
1,0,1
1,1,0
1,0,1
1,1,1
1,1,1
1,1,1
0,1,1
1,0,1
1,1,1
1,1,1
1,1,1
1,1,1
1,1,1
0,0,1
1,1,1
1,1,0
1,1,1
1,0,0
1,1,1
1,1,1
1,1,1
0,1,0
0,1,1
1,1,1
1,1,1
1,1,1
0,1,1
1,1,1
1,1,0
1,1,0
1,0,1
1,1,1
1,1,1
1,1,1
0,0,0
0,1,1
1,1,1
1,0,1
1,1,0
1,1,1
1,1,1
1,1,1
1,0,1
1,0,1
1,1,1
1,0,1
1,1,1
1,1,1
1,1,1
1,1,1
1,0,1
0,1,1
1,0,1
1,0,0
0,1,1
1,1,1
1,1,1
0,1,1
1,1,1
1,1,1
0,1,0
1,1,0
0,0,1
0,1,1
1,1,1
1,1,1
0,1,1
1,1,1
1,1,1
0,0,1
1,1,1
1,1,1
0,1,1
1,1,1
1,1,1
0,0,0
0,1,1
1,1,1
1,1,1
0,1,0
1,1,1
1,1,1
1,1,1
0,1,1
1,1,1
1,1,1
0,1,1
0,1,0
0,0,1
1,1,1
1,0,1
0,1,1
1,1,1
1,1,0
1,1,1
1,1,1
0,1,0
1,1,1
1,1,1
1,1,0
1,1,1
1,1,1
1,1,1
1,1,1
1,1,0
1,1,1
1,1,1
1,1,1
1,1,1
0,1,1
1,1,1
1,1,0
1,1,1
1,1,1
0,1,1
1,1,1
1,0,1
1,1,1
1,1,1
1,0,1
1,1,1
1,0,1
1,1,1
1,1,1
1,1,0
1,1,0
1,1,1
1,1,1
1,1,1
1,1,1
1,1,1
1,1,0
1,1,1
0,1,1
1,1,1
1,0,1
0,1,1
0,1,1
1,0,1
0,1,1
1,1,1
1,0,1
1,0,1
1,1,1
1,0,1
1,1,1
0,1,1
1,1,0
1,1,0
1,1,1
0,1,0
1,1,0
1,1,1
0,1,1
1,1,1
1,1,1
0,1,1
0,1,1
1,1,1
1,1,0
1,1,1
1,1,1
1,1,1
1,0,1
0,1,1
0,1,1
1,1,1
1,1,0
1,1,1
0,1,1
0,1,1
1,1,1
1,1,1
1,1,1
1,1,1
1,1,1
1,0,1
1,1,1
1,1,1
1,0,1
1,1,1
1,1,0
0,1,1
1,1,1
0,1,1
1,1,0
1,0,1
1,1,1
0,1,1
1,1,1
1,1,1
1,1,1
1,1,1
1,0,0
0,1,1
1,1,0
1,1,1
1,0,0
1,1,0
1,1,1
1,1,1
1,1,1
0,1,1
0,1,1
1,1,1
1,1,1
1,1,1
0,0,1
1,1,1
1,1,1
1,1,1
1,1,1
1,1,1
0,1,1
1,1,1
1,1,1
1,1,1
1,1,1
1,1,0
1,1,1
1,1,1
1,1,1
1,1,1
1,1,1
1,1,0
1,1,1
1,0,1
1,1,1
1,1,1
1,1,0
1,1,1
1,1,1
1,1,1
0,0,1
1,1,1
1,1,1
1,0,1
1,1,1
1,0,1
1,1,1
1,1,1
1,1,1
0,1,1
1,1,1
1,1,1
1,1,0
1,1,1
1,1,1
1,1,0
1,1,0
1,1,1
1,1,0
1,1,1
0,1,1
1,0,1
1,1,1
1,1,1
0,0,1
1,1,1
1,1,1
1,1,1
0,0,1
1,1,0
1,0,0
1,1,1
1,0,1
1,1,1
1,1,1
1,1,1
1,1,1
1,1,1
1,1,1
1,1,1
1,1,1
1,1,1
1,1,1
0,0,1
1,0,1
1,0,1
0,0,1
1,1,1
1,1,1
1,1,1
1,0,1
1,1,0
1,0,1
1,1,1
0,1,1
1,1,1
1,1,1
1,1,1
0,1,1
1,1,1
1,1,1
1,0,0
0,1,1
1,0,1
1,0,1
1,1,1
0,1,1
1,1,1
1,0,1
1,0,1
1,1,1
0,1,1
0,1,1
1,1,1
1,0,1
1,1,1
1,0,1
1,1,1
1,1,1
1,1,1
0,1,1
1,1,1
1,1,1
1,0,1
1,0,1
1,1,1
1,1,1
1,0,1
0,1,1
1,1,0
1,1,1
1,1,1
1,1,0
1,1,1
0,1,1
1,1,1
1,1,0
1,1,1
1,1,1
1,1,1
1,0,1
1,1,1
1,0,1
0,1,0
1,1,1
1,1,1
1,1,1
1,1,1
1,1,1
1,1,1
1,1,0
1,1,0
1,1,1
1,0,1
1,1,1
1,1,1
1,1,0
1,1,0
1,1,1
0,1,1
1,0,0
1,1,1
1,1,0
1,0,1
0,1,1
1,1,0
1,1,1
1,0,1
0,0,1
1,1,1
1,1,0
0,0,1
0,1,1
1,1,1
1,1,0
1,1,1
0,1,1
0,0,0
0,1,1
1,1,1
0,1,1
1,1,0
0,1,1
1,0,1
0,0,1
1,1,1
0,1,1
1,1,1
1,1,1
1,1,1
0,1,1
1,0,0
1,1,1
1,0,0
1,1,1
1,1,1
1,0,1
1,0,1
1,1,1
1,1,1
1,1,1
1,1,1
1,1,0
1,1,1
1,1,0
0,0,0
1,1,1
1,1,1
1,1,0
1,1,1
1,0,0
1,1,1
1,1,1
1,1,1
1,1,1
1,1,0
1,1,1
1,1,1
1,1,1
1,1,1
1,1,1
1,0,1
1,1,0
1,1,0
0,1,1
1,0,1
1,1,1
1,0,1
1,0,0
1,1,1
1,1,1
1,1,1
1,1,1
1,1,0
0,1,1
1,1,1
1,0,1
0,1,1
1,1,0
1,1,1
1,1,1
1,1,0
1,1,1
1,1,1
1,1,1
1,1,1
1,1,0
0,0,1
1,0,1
0,0,1
1,1,1
1,1,0
1,1,1
0,1,1
1,1,1
1,1,1
1,1,1
1,1,0
0,1,1
1,0,1
1,1,0
1,1,0
1,0,1
1,1,1
1,1,1
0,1,1
1,0,1
1,1,1
1,1,1
1,1,1
1,1,1
1,1,1
1,0,1
1,1,1
1,1,1
1,0,1
0,0,1
1,1,1
1,1,1
1,1,1
0,1,1
1,0,1
1,1,1
0,0,1
1,1,1
1,1,0
1,1,1
0,1,1
1,1,1
1,1,1
1,0,1
0,0,1
1,0,0
1,1,1
1,1,0
1,1,1
0,1,1
1,0,1
1,1,1
1,1,1
1,1,1
0,0,1
1,1,1
1,1,1
1,1,1
1,1,0
1,1,1
1,1,1
1,1,1
1,0,1
0,0,1
1,1,1
0,0,1
1,1,1
1,0,1
1,0,1
1,1,1
1,0,1
1,1,1
1,1,1
1,1,1
1,1,1
1,1,0
1,1,1
1,1,1
1,1,0
1,0,0
1,0,1
1,1,1
1,0,0
1,1,1
1,1,1
1,0,1
1,1,1
1,1,1
1,1,1
1,1,0
1,1,1
0,1,1
0,1,1
1,1,1
1,0,1
1,1,1
0,1,1
0,1,1
1,1,1
1,1,0
1,1,1
1,1,1
1,1,1
1,1,1
1,1,1
1,1,1
1,1,1
1,0,1
1,1,1
1,1,1
1,1,0
0,0,1
1,1,1
1,1,0
1,1,1
1,1,1
0,0,1
1,1,1
1,0,0
1,0,1
1,1,1
1,1,1
1,0,1
1,1,1
1,1,1
0,0,1
1,1,1
1,1,1
1,1,1
1,1,1
1,1,1
1,1,1
1,0,0
1,1,1
1,1,0
1,1,1
0,1,1
0,1,1
1,1,1
0,1,1
1,1,1
1,1,0
1,1,1
1,0,1
1,0,1
1,1,1
1,1,1
0,1,1
1,1,1
1,0,0
1,1,1
1,1,1
0,1,0
1,1,1
1,1,1
1,1,1
1,1,1
0,1,1
1,1,1
1,1,1
1,1,1
1,0,0
1,1,1
0,1,0
1,0,1
1,1,0
1,0,0
1,1,1
1,1,1
1,1,1
0,1,1
1,1,1
1,1,1
1,1,1
0,1,1
1,0,0
1,1,1
1,1,1
0,1,1
1,0,1
1,0,1
1,1,1
1,1,0
1,1,0
0,1,1
0,1,0
1,1,1
1,1,1
1,0,0
1,1,1
1,1,1
1,1,1
1,1,0
1,0,1
1,1,1
1,1,0
1,1,0
1,0,1
1,1,1
1,1,1
0,0,1
1,0,0
1,1,1
1,0,0
0,1,0
0,1,1
1,0,0
0,0,1
1,0,1
0,1,1
0,1,1
1,0,1
1,1,1
1,1,1
1,1,0
0,1,1
1,1,1
1,0,1
1,1,0
1,1,1
0,1,1
1,1,1
1,1,1
1,1,1
1,1,1
1,1,1
1,0,1
1,1,1
1,0,0
0,1,1
0,0,1
1,1,1
0,1,1
1,1,1
0,1,1
1,1,0
1,1,1
1,1,1
1,0,1
1,1,1
0,0,0
1,1,1
0,1,1
1,1,1
1,1,1
1,1,0
1,1,1
0,1,1
1,1,1
1,1,1
1,1,0
1,1,1
0,1,1
1,1,0
0,0,0
1,0,1
1,1,0
0,0,1
1,1,1
1,1,1
1,1,1
1,0,0
1,1,1
1,1,0
1,1,1
1,0,1
1,1,1
1,0,0
1,0,0
1,1,1
1,1,1
0,1,1
1,1,1
1,0,1
1,1,1
1,1,1
1,1,1
0,1,1
1,0,1
1,0,1
1,0,1
1,1,1
1,1,1
1,0,1
1,1,1
1,1,1
1,1,0
1,1,1
1,1,0
1,0,1
1,1,1
1,1,0
1,1,1
0,1,1
1,1,1
1,1,0
1,1,1
1,1,1
1,1,0
1,1,1
1,1,1
1,1,0
0,1,1
1,1,0
1,1,1
1,1,1
1,1,1
0,1,0
1,1,1
0,1,0
1,1,1
1,1,1
0,1,1
1,1,1
1,1,1
0,0,1
1,1,1
1,1,1
1,1,1
1,1,1
1,1,1
1,0,1
0,1,1
1,1,0
0,1,1
1,1,1
1,0,1
0,1,1
1,1,1
1,0,0
0,0,1
1,1,1
1,1,1
1,0,1
1,0,0
1,1,1
1,1,1
1,0,1
0,1,1
1,1,0
1,1,0
1,1,1
1,1,1
1,1,0
1,0,1
0,1,1
1,1,1
1,1,1
1,0,1
0,1,1
0,1,0
1,0,0
1,1,1
1,1,0
1,1,1
1,1,0
1,1,0
1,1,1
1,0,1
1,0,1
0,1,1
0,1,1
1,1,1
1,1,1
1,1,0
0,1,0
1,1,1
1,1,1
1,1,1
1,1,1
1,1,1
0,1,1
1,1,1
1,1,1
1,0,1
1,1,0
1,1,0
0,0,0
1,1,1
1,1,1
1,1,1
1,1,1
1,1,1
1,1,0
0,1,1
1,1,1
1,1,0
1,1,1
1,0,0
0,1,0
1,0,1
1,0,1
1,1,1
1,1,1
1,1,1
0,1,1
1,1,1
1,1,1
1,1,0
1,0,1
1,1,1
0,1,1
1,1,1
1,1,1
1,1,1
1,1,1
1,1,1
1,1,1
1,1,1
1,0,0
1,1,1
1,1,1
0,1,0
1,1,1
1,0,1
1,1,1
1,1,1
1,1,1
1,1,0
1,1,1
0,0,1
1,1,1
1,1,0
0,0,1
1,1,1
1,1,0
1,1,1
1,1,1
1,1,1
1,1,1
1,1,1
1,0,1
1,1,1
1,1,0
1,1,1
1,0,1
1,1,1
0,1,0
0,1,1
1,1,1
1,1,1
1,1,0
1,0,0
1,1,0
1,1,1
1,1,1
1,1,1
1,1,1
1,0,1
1,1,0
1,1,1
0,1,0
1,1,1
1,0,1
1,0,1
1,1,1
0,1,0
1,0,1
1,1,1
0,1,1
1,1,1
1,1,1
1,1,1
0,1,0
1,1,0
1,0,0
0,1,0
1,0,1
1,1,1
1,1,1
1,1,1
1,1,1
0,1,1
1,1,1
1,0,1
1,1,1
1,1,1
0,1,1
1,0,1
1,1,1
0,1,1
1,1,1
1,0,1
1,1,1
0,1,0
1,1,1
0,1,1
1,1,1
1,1,0
0,1,0
1,1,1
1,1,1
1,1,1
1,0,1
1,1,0
1,1,1
1,0,1
1,0,1
1,1,1
0,1,1
1,0,0
1,1,0
1,1,1
1,1,0
0,1,1
1,1,1
0,1,1
0,0,1
1,1,1
0,0,1
1,1,0
1,1,1
0,1,1
0,0,1
1,1,1
1,1,0
1,1,0
1,1,1
1,1,0
1,1,1
1,1,1
0,0,1
1,0,1
1,1,1
1,1,1
1,0,1
1,1,1
1,1,1
1,1,0
1,1,1
0,1,1
1,1,1
1,1,0
0,0,1
1,1,1
1,0,1
1,1,1
1,1,1
1,1,1
1,1,1
0,1,1
0,1,1
1,0,1
0,1,1
1,1,0
0,1,1
1,1,1
1,1,0
1,1,1
1,1,1
1,1,1
0,1,0
0,1,0
1,1,1
1,1,1
1,1,1
0,1,1
1,1,1
1,1,1
1,1,1
1,1,0
1,1,0
1,1,1
1,1,1
1,1,0
1,0,1
1,0,1
1,1,0
1,1,0
1,1,0
1,1,1
1,1,0
1,1,1
1,0,1
1,1,1
1,1,1
0,1,1
1,1,1
1,1,1
0,0,1
1,1,1
1,1,1
1,1,1
1,0,1
0,1,1
0,0,0
1,1,1
1,1,1
1,0,0
1,1,1
1,1,0
0,0,1
1,1,1
1,1,1
1,1,1
1,1,0
0,1,1
0,1,1
0,0,1
1,1,1
1,1,1
1,0,1
1,0,1
1,1,1
0,1,1
1,1,0
1,1,1
0,1,0
1,1,1
1,1,1
1,1,1
1,1,1
0,1,1
1,1,1
1,1,1
1,1,1
1,1,1
1,1,0
0,1,1
0,1,1
1,1,1
0,1,1
1,1,1
1,0,1
1,1,1
1,1,0
1,0,1
0,1,1
1,1,1
1,0,1
0,1,1
1,1,1
1,0,1
1,1,1
1,1,0
0,1,1
1,1,1
1,0,1
0,1,1
1,1,1
1,1,1
0,1,1
1,0,1
1,1,1
0,1,1
0,0,0
0,0,1
0,1,1
1,1,1
1,1,1
1,0,1
1,1,0
1,1,0
1,0,0
1,1,1
1,1,1
1,1,1
1,1,1
1,1,1
1,0,1
1,1,1
0,1,1
1,1,0
1,1,1
1,1,1
1,1,1
0,0,0
1,1,1
1,1,1
1,1,0
0,1,1
1,0,1
1,1,1
1,1,0
1,0,1
1,1,1
0,1,1
1,0,0
0,1,1
1,1,1
1,0,1
0,1,1
1,1,1
0,1,1
1,1,1
1,1,0
1,1,0
1,1,1
0,1,1
1,1,1
1,1,1
0,1,1
1,0,1
1,0,1
1,1,0
1,1,1
1,1,1
1,1,1
1,1,1
1,1,1
1,1,0
1,1,1
1,1,1
0,1,1
1,1,1
0,1,0
1,1,0
1,1,1
1,1,1
1,1,1
1,1,0
0,0,1
1,0,0
1,0,1
1,1,1
1,1,0
1,1,0
1,0,1
1,1,1
1,1,0
1,1,1
0,1,1
1,1,1
1,1,1
1,1,1
0,1,1
1,1,1
1,1,1
1,1,1
1,1,1
0,1,1
1,1,1
1,1,1
1,1,0
1,1,1
1,1,0
1,0,0
1,1,1
0,1,1
0,1,1
0,1,1
1,1,1
1,1,1
1,1,1
0,0,1
0,1,1
1,1,0
1,1,1
0,1,1
1,0,1
0,0,1
1,1,0
1,1,1
1,1,1
1,1,0
1,1,1
1,1,1
1,0,0
1,1,0
1,1,1
1,1,1
1,1,0
0,1,0
1,1,1
1,1,1
1,1,1
1,1,1
1,1,1
1,1,1
1,1,1
1,1,1
1,1,1
0,1,1
0,1,1
1,1,0
1,0,0
1,1,1
1,1,1
0,1,1
0,1,1
1,1,0
1,1,1
1,1,0
1,1,1
1,1,1
1,1,1
0,1,1
1,0,0
1,1,1
1,0,1
1,1,1
1,1,0
1,1,0
1,1,1
1,1,1
1,1,1
1,1,1
1,1,1
1,0,1
1,1,1
0,1,1
1,0,1
1,0,1
1,1,1
0,0,1
1,1,1
1,1,0
1,1,1
1,1,1
1,0,1
1,0,1
1,1,1
1,1,1
1,1,1
1,1,1
0,1,1
0,1,0
0,1,1
1,1,0
1,1,1
0,0,1
0,1,1
1,1,0
1,1,1
1,1,1
1,1,1
1,1,1
1,1,1
1,1,1
0,1,1
1,1,1
1,1,1
1,0,1
1,1,1
1,0,1
1,1,0
1,0,1
1,1,1
1,1,1
1,1,1
0,1,1
1,1,1
0,1,1
1,1,1
1,1,1
1,1,1
1,1,0
0,1,1
1,0,1
1,1,1
1,1,1
0,1,0
1,0,1
1,1,1
1,1,0
1,1,0
0,0,1
1,0,1
1,1,1
0,1,1
1,1,1
1,1,1
1,0,0
1,1,1
1,1,0
1,0,1
1,1,1
1,1,0
1,1,1
1,1,1
1,1,1
1,0,0
1,1,1
1,1,1
1,1,0
1,1,1
0,1,0
0,1,1
0,1,1
1,0,1
1,0,1
0,1,1
1,0,1
1,1,0
1,1,1
1,1,0
1,1,0
1,1,1
1,1,1
1,1,1
1,1,1
1,1,1
1,0,1
0,1,1
1,1,1
1,1,1
1,0,1
1,1,0
1,1,1
1,1,1
1,0,1
1,1,1
1,1,1
1,1,1
1,1,1
1,1,1
1,1,1
1,1,1
1,1,1
1,1,0
1,0,0
1,1,1
1,1,0
0,1,1
1,0,1
1,1,0
1,1,0
0,1,1
1,1,1
1,1,0
1,1,1
1,1,1
1,1,0
1,1,1
1,1,0
1,1,0
0,1,1
1,1,1
1,1,1
1,1,1
0,1,1
1,1,1
1,1,1
0,1,1
1,0,1
1,1,1
0,0,1
1,1,0
0,1,1
1,1,1
1,1,0
0,1,1
1,1,1
1,0,1
1,1,1
0,1,0
1,1,1
1,0,1
1,1,1
1,1,1
1,1,1
1,1,1
0,1,1
1,1,1
1,1,1
1,1,1
1,1,1
0,1,1
1,0,1
1,0,1
1,1,1
1,1,1
1,1,1
1,1,1
1,1,1
0,0,0
0,1,1
1,1,1
1,0,1
1,1,1
0,1,1
1,1,1
1,1,1
1,1,1
0,1,1
1,1,1
1,1,0
1,1,1
1,1,0
1,1,1
0,1,1
1,1,1
1,1,0
1,1,1
0,1,1
1,0,1
1,1,1
0,1,1
1,1,1
0,1,1
1,0,1
1,1,1
1,0,1
1,1,1
1,1,1
1,1,1
1,0,1
1,1,0
1,1,1
1,1,1
0,1,1
1,1,1
1,1,1
1,0,0
1,1,1
1,1,1
0,1,1
1,1,1
1,1,1
0,1,1
1,1,1
1,1,1
1,1,1
1,1,1
1,1,1
1,1,1
1,1,1
1,1,0
1,1,1
0,1,1
1,1,0
0,1,1
1,1,1
1,1,0
0,1,1
1,1,1
1,1,0
1,1,1
1,1,1
1,0,1
1,1,1
0,1,1
1,1,1
1,0,1
1,0,1
0,1,1
1,0,1
0,1,1
1,1,1
1,1,1
1,1,1
1,1,0
1,0,1
1,1,1
0,1,1
1,1,1
1,1,1
0,1,1
1,0,1
0,0,1
0,1,0
1,1,1
1,1,1
1,1,0
1,1,1
1,1,1
0,1,1
0,1,1
1,0,0
1,1,1
1,1,1
1,1,1
0,1,0
1,1,1
1,1,0
1,1,1
1,1,1
1,1,1
1,1,1
1,1,0
1,1,1
1,1,1
0,0,1
1,0,1
1,0,1
1,0,1
1,1,1
1,0,1
1,1,1
1,1,0
1,1,1
1,1,1
1,1,1
1,1,1
1,1,0
1,0,1
0,1,1
1,1,1
1,1,1
1,1,1
1,1,1
1,1,1
0,0,1
1,0,1
0,1,1
1,1,1
1,1,1
1,0,1
1,1,1
1,1,1
1,1,1
1,1,1
1,0,0
1,1,1
0,1,1
1,1,1
1,1,1
1,1,0
1,0,1
1,1,1
0,1,0
1,0,0
0,0,1
1,1,1
1,0,1
0,1,1
1,1,1
1,1,1
1,0,1
1,1,1
0,1,1
0,1,1
1,1,1
1,1,1
1,1,0
1,1,0
1,1,1
1,1,1
1,1,0
1,1,1
1,0,1
1,1,1
1,1,1
1,1,1
1,0,0
1,1,1
1,1,1
0,1,1
1,1,1
1,1,1
1,1,1
1,0,1
1,1,1
1,0,1
1,1,1
1,1,1
1,1,1
1,0,1
0,1,1
1,0,0
1,0,0
0,1,1
1,1,0
1,1,1
1,0,1
1,1,1
1,1,1
1,0,1
1,1,1
1,0,0
1,1,1
1,1,1
1,1,0
0,1,0
0,1,1
1,0,1
1,1,1
1,0,0
1,0,1
1,0,1
1,1,1
1,1,1
1,0,1
1,1,0
1,1,1
0,0,1
1,1,1
1,1,0
1,1,1
1,1,1
1,0,1
1,1,0
1,0,1
0,1,0
0,1,1
1,1,1
1,1,0
1,1,1
1,1,1
1,1,1
0,0,0
1,0,1
1,1,1
0,0,1
1,1,1
1,1,1
1,1,1
1,0,1
1,1,1
1,1,1
1,1,0
1,1,1
1,1,1
1,1,0
1,1,1
0,1,1
1,0,1
1,1,1
1,0,1
1,1,1
1,1,1
1,0,1
0,0,1
1,1,1
0,1,1
1,1,1
1,1,1
1,1,1
1,1,0
1,1,1
1,1,1
0,1,0
1,1,0
1,1,1
1,1,0
0,1,0
1,1,1
0,1,1
0,0,1
1,1,1
1,1,1
1,0,1
1,1,0
0,1,0
1,1,0
1,0,0
1,0,1
0,1,1
0,1,0
1,1,1
0,0,0
1,1,1
1,1,1
0,0,0
1,1,1
1,1,1
1,1,0
1,1,0
1,0,1
1,1,1
1,1,0
1,1,1
1,1,1
1,1,1
0,1,1
1,1,1
1,1,0
1,1,1
1,1,0
1,1,0
1,1,1
0,0,1
0,0,0
0,1,0
1,1,1
1,1,1
1,0,1
0,1,1
0,1,0
1,0,1
1,1,1
1,1,1
1,1,1
1,1,1
0,1,1
0,1,1
0,1,1
1,0,1
1,1,1
1,1,1
1,0,1
1,1,0
0,1,1
1,1,1
0,1,1
1,1,1
1,1,1
0,1,1
1,1,1
0,1,0
1,1,1
1,1,1
1,1,1
0,0,1
1,1,0
1,1,1
1,1,1
1,1,1
0,1,1
0,1,1
1,1,1
1,1,1
0,1,0
1,1,0
0,1,1
1,0,0
1,1,1
1,1,1
1,1,1
1,1,0
0,1,1
1,0,1
1,1,1
1,0,1
1,1,0
1,1,0
1,1,1
1,1,1
1,1,1
1,1,1
1,1,0
0,1,1
1,1,1
1,0,1
1,1,1
1,1,1
0,1,1
1,1,0
1,1,1
1,1,1
1,1,1
1,1,0
1,1,1
0,0,1
0,1,1
1,1,1
1,1,1
1,0,1
1,1,1
1,1,1
1,1,0
1,1,1
1,1,1
1,1,1
1,1,1
1,1,1
1,1,1
1,1,1
1,0,1
0,1,1
0,0,1
1,1,1
1,1,1
1,1,1
1,1,1
1,1,1
1,0,1
1,1,0
1,1,1
1,0,1
1,1,0
1,1,1
1,0,1
1,0,1
1,0,0
0,1,0
1,1,1
0,1,1
1,1,1
1,1,1
1,1,0
1,0,0
1,1,1
1,1,1
1,1,1
1,0,1
1,1,1
1,1,1
1,1,0
1,1,1
1,1,1
1,0,1
1,1,1
1,1,1
1,0,1
1,1,1
1,1,1
0,1,0
1,0,0
1,1,1
0,1,1
1,1,1
1,1,1
1,0,1
1,1,1
0,0,1
0,1,0
1,1,1
1,1,1
1,0,1
0,1,0
1,1,0
1,1,1
1,1,0
1,1,1
0,1,0
1,0,1
1,1,1
1,1,1
1,1,1
1,1,0
1,1,1
1,1,1
1,0,0
1,1,0
1,1,1
1,1,0
1,1,1
1,0,1
1,1,1
1,1,1
1,1,1
0,1,1
1,0,1
1,0,1
1,1,1
1,1,0
1,1,1
1,1,1
1,1,1
0,1,0
1,1,1
1,1,1
1,1,1
0,0,1
1,1,1
1,1,1
0,1,1
1,1,0
1,1,1
1,1,1
1,1,1
1,1,1
1,0,0
1,1,1
1,1,1
1,1,1
1,1,1
1,1,0
1,0,1
1,1,0
1,0,1
1,1,1
1,1,1
1,1,1
1,0,1
1,1,1
0,1,1
0,0,1
1,1,0
1,1,1
1,1,1
1,0,1
1,1,1
1,1,1
1,1,0
1,0,1
1,1,0
1,1,1
0,0,1
1,1,1
1,1,1
0,1,1
0,1,1
0,1,1
1,0,0
1,0,1
1,1,1
0,1,1
1,1,1
1,1,0
1,0,1
1,0,1
1,1,1
1,1,0
1,0,1
0,0,1
1,1,1
1,1,1
1,1,0
1,1,1
1,1,0
1,1,1
1,0,0
1,1,1
1,1,1
1,1,1
1,1,1
0,1,1
1,1,1
1,1,1
1,1,1
1,1,1
1,1,1
1,1,1
1,1,1
1,0,1
1,1,1
1,1,1
1,0,1
1,1,1
1,0,1
1,0,1
1,0,1
1,1,0
1,1,0
0,1,1
1,0,1
0,1,1
0,1,0
0,1,1
1,1,1
1,0,1
1,0,1
1,1,1
0,1,1
0,1,1
1,1,1
1,1,1
1,1,1
1,1,1
1,1,0
1,1,1
1,0,1
0,1,1
0,1,0
1,1,1
1,1,0
1,1,1
1,1,0
1,1,1
1,1,1
1,1,1
1,1,1
1,1,1
0,0,1
1,1,1
1,1,1
0,1,1
1,1,1
0,1,1
1,0,1
1,1,1
1,1,0
1,1,1
0,1,1
0,1,1
1,1,1
1,1,0
1,0,1
1,1,1
1,1,1
1,0,1
0,1,0
1,0,1
1,1,1
1,1,1
1,1,1
1,1,1
1,1,1
1,1,1
0,1,1
1,1,1
1,0,1
0,1,1
1,1,1
1,1,0
1,1,1
1,1,1
1,1,1
1,1,1
0,1,1
1,1,1
1,0,1
1,1,1
1,1,1
1,1,1
1,1,1
1,1,1
0,1,0
1,1,1
1,1,1
1,1,1
0,0,1
1,1,1
0,1,1
1,1,1
1,1,1
1,1,1
1,1,1
1,1,1
1,0,1
1,1,1
1,1,1
1,1,1
1,0,1
1,1,1
1,1,1
1,0,1
1,1,1
1,1,1
1,1,0
0,1,1
1,1,1
1,0,1
1,1,1
1,1,0
1,1,1
1,1,1
0,1,1
1,1,1
1,1,1
1,1,0
0,0,1
1,1,1
1,1,1
1,1,1
1,1,0
1,1,1
1,0,0
0,0,1
1,1,1
1,1,1
1,1,1
0,0,1
1,1,1
0,0,1
1,1,1
0,1,1
1,1,1
0,1,1
1,1,1
1,0,1
0,1,1
1,1,1
0,1,1
1,1,1
1,1,0
1,1,1
0,1,1
0,1,0
1,1,1
0,1,1
1,1,1
1,1,1
1,1,0
1,1,1
0,0,1
1,1,1
1,0,1
0,1,1
1,1,0
1,1,1
1,1,1
1,1,1
0,1,1
1,1,1
1,0,1
1,0,0
1,0,1
1,0,1
0,1,1
1,1,1
0,1,1
1,1,1
1,1,1
0,1,1
1,1,1
1,1,1
1,1,1
1,1,0
1,0,1
0,0,1
1,1,1
1,1,1
1,1,1
0,1,0
1,1,1
1,1,0
1,1,1
1,1,1
1,1,1
1,1,1
1,1,1
1,1,1
1,1,1
1,1,1
1,0,1
1,1,0
1,0,1
1,0,0
1,0,1
1,0,1
1,1,0
1,1,1
1,1,1
1,1,0
1,1,1
1,0,0
1,1,1
1,1,1
1,1,1
1,1,1
1,1,1
1,1,1
0,1,0
1,1,1
1,0,0
1,1,0
0,0,1
1,1,0
1,1,1
1,1,0
1,1,1
1,1,0
1,1,1
1,1,1
1,1,1
1,1,1
0,0,0
1,1,1
1,1,0
1,1,0
1,1,0
1,1,1
1,1,1
1,1,0
1,1,0
1,1,1
1,1,1
0,1,1
0,1,1
0,1,1
1,1,1
1,1,1
1,1,0
0,1,1
1,0,1
1,1,1
1,1,0
0,0,1
1,0,1
1,1,1
1,1,1
0,1,0
0,1,1
1,1,0
1,0,1
0,1,1
1,1,1
0,1,1
1,1,1
1,1,0
1,1,1
1,1,1
1,1,1
0,1,1
1,1,1
1,0,0
1,0,1
1,1,0
1,1,0
0,1,1
1,1,0
1,1,1
0,0,1
1,1,0
1,1,1
1,1,1
1,0,0
1,1,1
1,1,1
1,1,1
1,1,1
1,0,1
0,1,1
1,1,0
1,1,1
1,1,1
1,1,1
1,1,1
1,0,1
1,1,1
1,1,1
0,1,1
1,1,1
1,1,1
1,1,1
1,1,1
1,0,0
1,1,1
0,1,0
1,1,1
1,1,1
1,0,1
1,1,1
0,1,1
1,1,1
0,1,1
1,1,1
1,1,1
0,1,1
1,1,1
0,1,1
1,0,1
0,1,1
1,1,1
1,1,1
1,1,0
1,1,1
1,1,0
1,1,1
1,0,0
0,1,1
1,1,1
0,1,0
1,1,1
1,1,1
1,0,0
1,0,0
1,1,0
1,1,1
1,0,1
1,1,0
1,0,1
1,1,1
1,1,1
1,1,1
0,0,1
1,1,0
1,1,1
1,1,1
1,1,1
1,0,0
1,0,1
1,0,1
1,1,0
0,1,1
1,1,0
1,1,1
1,1,1
1,1,0
1,1,1
1,0,1
1,1,0
0,1,0
1,1,0
1,1,0
1,1,0
1,0,1
1,1,1
1,0,1
0,1,1
1,1,1
0,1,1
1,1,1
1,1,1
1,1,1
1,1,1
1,1,1
1,1,1
1,1,1
1,1,1
1,1,1
1,1,1
1,0,1
1,1,1
0,1,1
0,1,1
1,1,1
1,1,1
0,1,1
0,1,1
1,1,0
1,1,1
1,0,1
1,1,1
1,1,0
0,1,0
1,0,1
1,1,1
1,0,1
1,0,1
1,1,1
1,1,1
1,1,1
0,1,1
1,1,1
1,1,1
1,1,1
1,1,1
1,1,1
1,1,1
1,1,1
0,1,1
0,1,1
1,1,0
0,1,1
0,1,0
1,1,1
1,1,1
0,1,0
1,1,0
1,0,1
1,1,1
1,1,0
1,1,1
1,0,0
0,1,1
0,0,0
0,0,1
1,1,1
1,0,1
1,1,1
1,0,1
1,0,0
1,1,0
1,1,1
1,1,1
1,1,1
1,1,1
0,0,0
1,1,1
0,1,0
1,1,1
1,0,1
0,1,1
1,0,1
1,0,0
1,0,1
1,0,1
0,0,1
1,0,1
1,1,1
0,1,1
1,1,1
1,1,1
1,1,0
1,1,1
1,1,1
1,1,1
1,1,1
1,1,1
0,0,1
1,0,1
1,1,1
0,0,1
1,1,1
1,1,1
1,1,0
1,0,1
0,1,1
1,1,1
0,1,0
1,1,0
1,1,1
1,1,1
0,1,1
1,1,1
1,1,1
1,1,1
1,0,1
1,1,1
1,1,1
0,1,1
1,1,1
1,0,1
1,1,1
1,1,1
0,0,1
0,0,1
1,1,1
1,1,1
1,1,1
1,1,1
1,0,0
1,1,1
0,1,1
0,0,1
1,1,1
1,1,1
1,1,1
1,1,1
1,0,1
0,0,1
1,1,1
0,0,1
1,1,1
1,1,1
1,1,1
1,0,1
0,1,1
1,1,1
1,1,0
1,1,1
1,1,1
1,1,1
1,0,1
1,1,1
1,0,1
1,1,1
1,1,1
1,0,0
1,1,1
1,0,1
0,1,1
1,1,1
1,1,0
1,1,0
0,1,1
1,1,1
1,1,0
1,0,1
1,1,1
1,1,1
1,0,0
1,1,1
1,1,1
1,1,1
1,1,1
1,1,1
1,1,1
1,0,1
1,0,1
1,1,1
0,1,0
1,1,1
1,0,0
1,1,1
0,1,1
1,1,1
1,1,1
1,0,1
1,0,1
1,1,0
1,0,1
1,0,1
1,1,0
1,0,1
1,0,0
1,1,1
1,1,1
1,1,0
1,1,0
1,1,1
1,0,0
0,0,0
1,1,0
1,1,1
1,1,1
0,1,0
1,1,1
1,1,1
1,1,0
1,0,1
1,1,1
1,1,0
1,1,1
1,1,1
0,1,1
1,0,1
1,1,0
1,1,1
1,0,1
1,1,1
1,1,1
1,0,1
1,1,1
0,0,0
0,0,0
1,1,1
1,1,1
0,1,1
1,1,1
1,1,1
0,1,1
1,1,1
1,1,1
1,0,1
1,0,1
1,1,1
1,1,0
1,1,0
0,1,1
1,1,1
1,1,1
1,1,1
1,1,1
0,0,1
1,0,1
0,1,1
1,1,1
1,0,1
0,0,1
1,1,1
1,1,1
1,0,1
1,1,0
1,1,0
1,0,1
1,1,1
1,1,0
1,0,1
0,1,1
1,1,1
0,1,0
1,1,1
1,1,1
0,0,1
1,0,1
1,1,1
0,1,1
1,1,1
0,1,1
1,1,1
1,1,1
1,1,1
1,1,0
0,1,1
1,1,1
1,1,1
1,1,0
1,1,1
1,1,1
1,1,1
0,1,1
0,1,1
1,0,1
1,1,1
0,1,1
1,1,1
1,0,1
1,0,1
1,1,1
1,1,0
1,1,1
0,1,1
1,0,1
1,0,0
1,1,1
1,1,1
1,1,1
1,1,1
1,0,1
1,1,0
1,1,1
1,1,1
0,0,1
1,0,1
1,1,1
1,1,0
1,1,0
1,0,1
1,1,0
1,1,1
1,1,0
1,1,1
0,1,1
1,1,1
1,1,1
1,0,1
0,1,1
1,1,1
1,1,1
0,0,1
1,1,1
1,0,1
1,0,1
1,1,0
0,0,1
1,1,1
1,1,1
1,1,1
1,1,0
0,0,1
1,1,1
1,1,1
1,1,1
1,1,1
1,1,0
0,1,1
1,1,1
1,1,1
1,1,0
1,1,0
1,1,1
1,1,1
1,0,1
1,1,1
1,1,0
1,1,1
1,1,1
0,1,0
1,0,0
1,1,1
1,1,1
0,0,1
1,1,1
1,0,1
1,1,1
1,1,1
1,1,0
1,0,1
1,1,1
1,1,1
0,1,0
1,1,1
1,1,1
1,1,1
0,1,1
1,1,1
1,1,1
1,1,1
1,1,1
1,1,1
1,0,0
1,1,1
1,1,1
1,1,1
1,1,1
0,0,1
1,1,1
1,0,1
1,0,1
1,1,1
1,1,1
1,1,1
1,1,1
1,1,1
1,1,1
1,1,1
0,1,1
1,1,1
0,1,1
1,1,1
1,1,1
1,1,1
0,1,1
0,1,1
0,1,1
1,0,1
0,1,0
1,1,0
1,0,1
0,1,0
0,0,0
1,0,0
0,1,1
1,0,1
1,1,0
1,0,1
0,1,1
1,1,1
1,1,1
0,1,1
1,1,1
1,1,1
1,0,0
1,1,1
0,1,1
1,1,1
1,1,1
0,0,1
1,1,1
1,1,0
1,1,1
1,1,1
1,1,1
0,1,1
1,1,1
0,1,1
0,1,1
1,1,0
1,1,1
1,1,1
1,0,1
1,0,1
1,1,0
1,0,1
0,1,1
1,1,1
1,1,0
0,1,1
1,1,1
1,1,1
1,1,1
1,0,1
1,0,1
1,1,1
1,1,1
0,0,1
1,0,1
1,1,1
1,1,1
1,1,0
0,1,1
0,1,1
1,0,1
0,1,0
1,1,1
1,1,1
1,1,1
1,1,1
1,1,1
1,1,1
1,1,0
1,0,1
0,1,1
0,0,0
1,1,1
1,1,0
1,1,1
1,0,1
1,1,1
1,1,1
0,1,1
1,1,1
1,1,1
1,1,0
1,1,1
0,1,1
0,1,1
1,1,1
1,1,1
1,1,1
0,1,0
1,1,0
0,1,1
1,1,1
1,0,1
1,1,1
0,1,0
0,1,0
1,1,0
1,0,0
1,0,1
1,0,1
1,0,0
1,0,1
1,1,1
1,0,1
1,1,0
0,1,1
1,1,0
1,1,1
1,1,1
0,1,1
1,1,0
1,1,1
1,1,0
1,1,0
1,0,1
1,1,1
1,1,0
1,1,1
1,1,0
1,1,1
1,0,0
1,1,0
1,1,1
1,1,1
1,1,1
0,1,1
1,1,1
1,1,1
1,1,0
0,1,1
1,1,0
1,0,1
1,0,0
1,1,0
1,1,1
1,1,1
1,1,1
1,1,1
1,1,1
1,1,1
1,0,1
1,1,1
1,1,1
1,1,1
1,1,0
1,0,1
1,0,0
1,1,1
0,1,1
1,1,0
1,0,1
1,1,1
1,0,1
1,0,0
1,1,1
1,1,1
1,0,1
0,1,1
1,1,1
1,1,1
0,1,1
0,1,0
1,1,1
1,1,0
1,0,1
1,0,1
0,1,1
1,1,1
1,1,1
1,1,1
1,1,0
1,1,1
1,1,1
0,0,1
1,1,1
0,1,1
1,1,1
1,1,1
1,0,1
1,0,1
1,1,1
1,1,1
1,0,1
1,1,0
1,1,1
1,1,1
0,1,0
1,1,1
0,1,1
1,1,1
1,1,1
1,1,1
1,1,1
1,1,1
1,1,1
1,1,0
0,1,1
1,1,1
0,1,1
1,1,1
1,1,1
1,0,1
1,1,1
1,0,1
0,0,0
1,1,1
1,1,1
0,1,0
1,1,1
1,1,0
1,1,1
0,1,1
1,1,1
1,0,1
1,1,0
0,1,1
1,1,1
1,0,0
1,1,1
0,0,1
1,1,1
1,1,1
1,1,1
1,0,0
1,1,1
1,0,1
1,1,1
1,0,1
1,0,1
1,1,0
1,0,1
1,1,1
1,1,1
1,1,1
1,1,0
1,1,1
1,1,0
1,1,1
0,1,1
0,1,1
1,1,1
1,1,1
0,1,1
1,1,0
1,1,1
1,1,1
1,1,1
1,1,1
1,1,1
1,1,1
1,1,1
0,1,1
1,1,0
1,1,1
1,1,1
1,1,0
1,1,1
0,0,0
1,0,1
0,1,1
1,1,1
1,1,0
1,1,1
0,1,0
1,1,1
1,0,1
1,1,1
0,1,0
1,1,1
1,1,0
0,1,1
1,1,1
1,1,0
1,1,1
1,1,1
1,1,1
1,1,0
1,1,1
1,0,1
1,1,1
1,0,1
1,1,1
1,0,1
1,1,0
1,1,1
1,1,1
1,1,1
1,1,1
1,1,0
1,1,1
1,1,1
1,1,1
0,0,1
1,1,1
1,1,1
1,0,1
1,1,1
1,1,1
1,1,1
1,1,1
1,1,0
1,1,1
1,1,1
1,0,1
1,1,1
0,1,1
0,1,1
1,1,1
1,1,1
1,0,1
0,1,1
1,1,0
0,1,1
1,1,1
0,1,0
1,0,0
1,1,1
0,1,1
1,1,1
1,1,1
1,1,1
1,1,1
1,1,1
1,0,1
1,0,1
1,1,1
0,1,1
1,1,1
1,1,1
0,0,1
1,1,1
1,1,0
1,0,0
1,1,1
1,1,1
1,1,1
1,1,1
0,1,1
1,1,1
0,1,1
0,1,1
1,1,1
1,1,1
1,1,1
1,0,1
1,1,0
1,1,1
1,1,1
1,1,1
1,1,1
1,1,0
1,1,1
1,1,1
1,1,0
0,0,1
1,1,1
1,1,1
1,1,1
0,1,1
1,1,1
1,1,1
1,1,1
1,0,1
0,1,1
1,1,1
0,0,1
0,1,1
0,1,1
1,1,1
1,0,1
1,1,1
1,1,1
1,1,1
1,1,1
1,1,1
0,0,1
1,1,0
0,1,1
1,1,1
1,1,1
1,1,1
0,1,1
1,0,1
0,1,1
1,0,0
1,1,0
1,1,1
1,0,1
1,0,1
0,1,0
0,1,1
1,1,1
1,0,0
1,1,1
0,1,1
1,1,1
1,1,1
1,1,0
1,1,0
0,0,1
0,1,1
0,1,1
1,0,1
1,1,1
0,1,1
0,0,1
0,1,1
1,1,1
1,1,1
1,1,1
1,1,0
1,1,0
1,1,1
1,1,0
1,0,1
1,1,1
1,1,1
1,1,1
1,1,1
1,1,0
1,0,1
1,1,1
0,1,1
1,1,0
0,1,1
1,0,1
1,0,1
1,1,0
1,1,0
1,0,1
0,1,1
1,1,1
1,1,1
1,1,1
0,1,1
1,1,1
1,1,1
1,1,1
1,1,1
1,0,1
1,1,1
1,1,1
1,1,1
1,1,1
1,1,1
0,1,0
1,1,1
1,1,1
1,1,1
1,1,1
1,1,0
1,1,1
1,1,1
1,0,1
1,1,1
0,1,1
1,1,1
1,1,1
1,1,0
1,0,1
1,1,1
1,1,1
1,1,1
1,0,1
1,1,1
1,1,1
1,0,1
1,1,0
1,1,0
1,1,1
1,1,1
1,1,1
1,1,1
1,1,1
1,0,1
1,1,1
1,1,0
1,1,0
1,1,1
0,1,1
1,0,1
1,1,1
0,1,1
1,0,0
1,1,1
1,0,1
1,1,1
1,0,1
1,1,1
1,1,1
1,1,1
1,1,0
0,1,1
1,0,1
1,1,1
0,1,1
1,1,1
1,1,1
0,1,1
1,1,0
1,1,1
1,0,1
1,1,1
1,1,0
0,1,1
0,1,1
1,1,1
0,1,1
1,0,1
0,1,1
0,1,1
1,1,1
0,0,1
1,1,1
0,1,0
1,1,1
1,1,1
1,0,0
1,1,0
1,1,0
1,0,1
1,0,1
1,0,0
1,1,1
1,1,1
1,1,1
1,1,1
1,1,1
1,0,1
1,1,1
1,1,1
1,1,1
0,1,1
0,1,1
1,1,1
1,1,1
1,0,1
0,1,1
1,1,1
1,0,1
0,1,1
0,1,1
1,1,1
1,1,1
0,1,1
1,1,0
1,0,0
1,0,1
1,1,1
1,1,1
1,1,1
1,1,1
1,1,1
1,1,1
1,1,0
0,1,0
0,0,1
1,1,1
1,1,1
1,1,0
1,0,0
0,1,1
1,1,1
0,1,0
0,0,1
1,0,1
1,1,1
1,1,1
0,1,1
0,0,1
1,1,1
1,1,0
1,1,1
1,1,0
0,0,1
1,1,0
0,1,1
1,1,1
0,1,1
0,1,0
1,1,1
1,1,1
1,1,0
1,1,1
1,0,1
1,1,0
1,1,1
1,1,1
1,1,1
0,1,1
1,1,1
0,1,1
1,1,0
1,1,0
1,1,1
0,0,1
1,1,0
1,0,1
1,1,1
1,1,1
1,1,1
1,1,1
1,1,1
1,1,0
1,1,1
1,1,1
1,1,1
1,1,1
1,1,1
1,1,1
1,0,1
1,1,1
1,1,1
0,1,0
1,1,1
1,1,1
0,1,1
1,1,0
1,1,0
1,1,1
0,1,1
1,1,1
1,1,0
1,0,1
1,1,1
1,1,1
1,1,1
1,1,1
0,0,1
1,1,1
1,1,1
0,1,1
1,1,1
1,1,1
1,0,1
1,1,1
0,1,1
0,1,1
1,1,1
1,1,0
1,1,1
0,1,1
1,0,0
1,1,1
1,1,0
1,1,1
1,1,0
1,0,1
1,1,1
0,1,0
1,1,0
1,1,0
1,1,1
1,1,0
1,1,1
0,0,0
1,1,1
1,1,1
1,1,0
1,1,0
1,1,1
1,1,1
1,1,1
1,0,1
1,1,1
0,1,1
0,1,1
1,1,1
1,0,1
0,0,1
1,1,1
1,1,1
1,1,1
1,1,1
0,1,1
1,0,0
1,0,1
1,1,1
1,0,1
1,1,0
1,1,1
1,0,1
1,1,0
0,1,1
1,1,1
0,1,0
1,1,1
1,1,1
1,1,1
1,1,1
0,0,1
1,1,1
0,1,1
1,1,1
0,1,1
1,1,1
0,1,0
1,1,1
1,1,0
1,1,1
1,1,1
1,1,1
1,0,0
1,1,0
1,1,1
0,1,0
1,1,1
0,1,1
1,1,1
1,1,1
1,1,1
0,1,0
1,1,0
1,1,1
0,1,1
1,0,1
1,1,0
1,1,1
1,1,1
0,0,1
1,1,1
1,1,1
1,0,1
1,0,1
1,0,1
0,1,0
1,1,1
0,1,1
0,1,1
1,1,1
1,1,1
1,0,1
0,1,1
1,1,0
1,1,1
1,1,1
1,1,1
1,1,1
1,0,1
1,0,1
0,1,1
1,1,1
0,1,1
1,1,1
1,0,1
1,1,1
1,1,1
0,0,1
1,0,1
1,1,1
1,1,1
0,1,1
1,1,1
1,0,0
0,0,0
1,0,1
1,1,1
1,1,1
1,1,1
1,1,1
1,1,1
1,1,1
1,0,1
1,0,1
1,1,0
0,1,1
1,0,0
1,1,1
1,0,1
1,1,1
1,1,1
1,0,1
1,0,0
1,1,1
1,1,1
1,0,1
0,1,1
1,1,1
1,1,1
1,1,1
1,1,1
1,1,1
1,0,1
0,1,1
1,1,1
1,1,1
1,1,1
0,1,0
1,1,1
1,1,0
1,1,1
0,1,1
1,0,1
1,1,0
1,0,1
1,1,0
1,1,1
1,1,0
1,1,1
1,1,1
1,0,1
1,1,1
1,1,1
1,1,1
1,0,1
1,1,1
1,1,1
1,1,1
1,0,1
1,1,0
1,1,1
1,1,0
1,1,1
1,0,1
1,1,1
0,0,1
1,1,1
0,1,1
1,1,1
1,1,0
1,0,1
1,1,1
1,0,1
1,1,1
1,1,1
1,1,0
1,1,0
0,1,0
1,1,0
1,1,1
0,0,1
1,1,1
1,1,1
1,0,1
1,1,1
0,1,1
1,1,1
1,1,1
1,1,1
1,1,1
1,1,1
1,1,1
1,1,1
1,1,1
1,1,1
1,1,1
1,0,1
1,1,0
1,1,0
0,1,0
1,1,1
1,1,1
0,1,1
1,1,0
0,0,1
0,1,1
1,0,1
1,0,0
0,1,0
1,1,1
1,0,1
1,0,1
0,1,1
0,1,1
1,1,1
0,0,1
1,0,1
0,0,1
1,0,1
0,1,1
1,1,1
1,1,1
1,1,0
0,1,0
1,1,0
1,1,0
1,1,1
0,1,1
1,1,1
1,1,1
1,0,1
0,1,1
1,1,1
1,1,1
1,1,1
0,1,1
1,1,1
1,1,1
1,1,1
1,1,1
1,1,1
1,0,1
1,1,1
1,1,1
1,1,1
0,1,1
1,1,1
1,0,1
1,1,1
1,1,1
1,1,1
1,1,0
1,1,0
1,1,1
1,1,1
1,1,1
1,0,1
1,1,1
1,1,1
1,1,1
0,1,0
1,1,0
1,1,0
1,1,1
1,1,1
1,1,1
1,1,1
1,1,1
1,0,1
1,1,1
1,1,1
1,1,1
1,1,1
1,1,1
1,1,1
1,1,1
1,1,1
1,1,0
1,1,1
1,1,1
1,1,1
1,1,1
1,1,1
1,1,1
1,1,1
1,1,1
1,1,1
0,1,0
1,1,1
1,0,1
1,1,1
1,1,1
1,1,1
1,1,1
1,0,0
1,1,1
1,1,1
1,0,1
1,1,1
0,1,1
1,1,0
1,1,1
1,1,1
1,1,1
1,1,0
1,0,1
0,1,1
1,1,1
0,1,1
1,0,1
1,1,1
1,1,1
1,1,1
1,1,1
1,1,1
1,1,1
1,1,1
1,1,0
0,0,1
1,1,1
1,1,1
1,1,1
1,1,1
1,1,1
0,1,0
0,0,0
1,1,1
1,1,1
1,1,1
1,1,0
1,1,1
1,1,1
1,1,1
1,1,0
1,1,1
1,0,1
1,1,1
0,1,1
1,1,1
0,1,1
1,0,1
1,0,1
0,1,1
1,1,1
1,0,1
1,1,1
1,0,0
1,1,0
1,1,1
1,1,1
1,1,1
1,1,0
1,1,0
1,1,1
1,1,1
0,1,1
0,1,1
0,0,1
1,1,1
0,1,1
1,1,1
1,1,1
1,1,1
1,1,1
0,1,0
1,1,1
0,1,1
1,1,1
1,0,0
1,1,1
1,0,1
1,0,1
0,1,1
0,1,0
0,1,1
1,1,1
1,0,1
1,1,1
0,1,1
1,1,1
0,0,1
1,1,0
1,1,1
1,0,0
1,1,1
0,1,1
1,1,1
1,1,1
1,1,1
1,1,1
1,1,1
1,0,1
0,1,1
1,1,1
1,1,1
1,0,0
1,0,1
1,1,0
1,1,1
1,1,1
1,1,1
1,1,0
1,1,1
1,1,0
0,1,1
1,1,1
1,0,0
1,1,1
1,1,1
0,0,1
1,0,0
1,1,0
1,1,1
1,1,0
0,1,0
1,1,0
1,1,1
1,0,0
1,1,1
1,1,1
1,1,1
0,1,1
1,1,1
1,0,1
1,1,1
1,1,1
1,1,1
1,1,1
0,1,1
1,0,1
1,0,0
1,1,1
1,1,1
1,0,1
1,1,0
1,1,1
1,1,1
0,1,0
1,1,1
0,1,1
1,0,1
1,1,0
1,1,1
1,1,1
1,1,1
1,1,0
1,1,1
1,1,1
1,1,1
1,1,1
1,0,0
1,0,1
1,0,1
0,1,1
1,1,1
1,1,1
0,1,1
1,1,1
1,1,1
0,0,0
1,1,1
1,1,1
1,0,1
0,1,1
1,1,0
1,1,1
1,1,0
1,1,1
0,1,1
0,0,1
1,1,1
1,0,1
1,1,0
1,0,1
1,1,0
1,1,1
0,1,1
1,1,0
0,1,1
0,0,0
1,1,1
1,1,1
1,1,1
1,1,1
1,1,1
1,1,1
1,0,1
1,1,1
1,1,1
0,1,1
1,1,1
0,1,1
1,1,1
1,1,1
1,1,1
1,0,1
1,0,1
1,1,1
1,1,1
0,0,0
1,0,1
0,1,1
0,0,1
1,1,1
1,0,1
0,1,1
1,1,1
1,1,1
0,1,1
1,1,1
1,1,1
1,1,1
0,0,1
1,1,0
1,1,1
1,1,1
1,0,1
0,0,1
1,1,1
0,1,0
1,1,1
1,1,0
1,1,1
1,1,1
0,1,1
1,1,1
1,0,1
0,1,0
1,0,0
1,1,1
1,1,1
1,0,1
1,0,1
1,1,0
1,1,1
1,1,0
1,0,0
1,1,0
1,1,1
0,1,1
0,1,0
1,1,1
1,0,1
1,1,1
1,1,1
1,1,1
1,1,0
1,1,1
1,1,1
1,0,1
0,1,1
1,0,1
1,1,1
1,1,1
1,1,1
1,1,1
1,0,1
1,1,1
0,1,1
0,0,1
1,1,1
1,1,1
1,1,1
1,1,1
1,1,1
1,1,1
0,1,1
1,1,1
1,1,1
1,0,1
1,1,1
1,1,1
1,1,1
1,0,1
1,1,1
1,1,1
1,1,1
1,1,1
1,0,1
1,1,0
1,0,1
1,1,1
1,1,1
1,1,1
1,0,0
1,0,0
1,0,1
1,1,1
1,1,1
1,0,1
1,1,1
1,1,1
1,1,0
1,1,1
1,0,1
0,1,1
1,1,1
1,1,1
1,1,1
1,1,1
0,1,1
1,0,1
1,1,1
1,1,1
1,1,1
1,1,1
1,1,1
0,1,0
1,0,1
0,1,0
0,1,1
0,1,1
1,1,0
1,1,1
1,1,1
1,1,1
1,1,1
1,1,0
1,1,1
1,1,1
1,1,1
0,1,1
1,1,1
0,1,1
1,0,1
1,1,1
1,1,0
1,1,1
1,1,1
1,1,1
1,1,0
1,1,1
1,1,1
1,1,1
1,1,1
0,1,1
0,1,1
1,1,1
1,1,1
1,1,1
1,1,1
1,1,0
1,1,1
1,1,1
1,1,1
0,1,1
0,0,1
1,1,0
1,0,1
1,1,1
1,1,1
1,1,1
1,1,0
1,1,1
0,1,1
1,0,1
1,1,1
1,1,1
1,1,1
1,1,1
1,1,1
1,1,1
0,1,0
0,1,1
1,1,1
0,0,1
1,1,1
0,1,1
1,1,1
1,1,1
1,1,1
0,1,1
0,1,1
0,1,1
0,0,1
0,1,0
0,0,1
1,0,1
1,1,1
1,1,1
0,1,1
1,1,1
1,1,1
1,1,1
1,1,0
1,1,1
1,0,1
1,0,1
1,1,1
1,1,1
1,0,1
1,1,1
1,1,0
1,1,0
1,1,1
1,1,1
1,1,1
0,0,1
1,1,0
0,1,1
1,1,1
1,1,1
1,1,1
1,1,1
1,1,1
1,1,1
0,1,0
0,1,1
1,1,1
1,1,1
1,1,0
1,1,1
1,0,1
1,1,1
0,1,0
0,1,1
0,1,1
0,1,0
1,1,1
0,0,0
0,1,1
1,0,1
1,1,1
1,1,1
1,1,1
1,1,1
1,1,1
1,1,1
1,1,1
1,0,1
1,1,1
1,1,1
1,1,1
1,0,0
0,1,0
0,0,1
1,1,1
1,1,1
0,1,0
1,1,0
1,1,1
1,1,1
1,1,1
1,0,1
1,0,1
1,1,1
0,0,0
1,1,1
1,1,1
1,1,0
1,1,1
0,0,1
0,1,1
1,0,1
1,0,1
1,0,1
1,1,1
0,1,1
1,0,1
1,1,1
1,1,0
1,1,1
1,1,1
1,0,1
0,1,1
1,1,1
1,0,0
1,1,1
1,1,1
1,1,1
0,0,1
1,1,1
1,1,1
1,1,1
1,0,1
1,1,1
0,1,1
1,1,0
1,1,1
1,1,1
1,1,1
1,1,1
1,1,1
1,1,1
0,1,0
1,1,0
1,1,1
1,1,1
1,1,1
1,1,1
1,1,1
1,1,1
1,1,1
1,1,0
0,0,1
0,1,1
1,1,0
1,1,1
1,1,1
1,1,1
1,1,1
1,0,0
1,1,1
1,1,1
0,0,1
1,1,1
1,0,0
1,1,0
1,1,1
0,1,1
1,0,1
1,1,1
0,1,1
1,1,1
1,1,1
1,1,1
0,0,1
1,1,1
1,0,1
1,1,1
1,1,1
1,1,1
1,1,1
1,1,1
1,1,1
0,1,1
1,1,0
1,1,1
1,1,1
1,1,0
1,1,1
0,1,1
1,1,1
0,1,1
1,1,1
1,1,1
0,1,1
1,1,1
1,1,1
1,0,1
1,0,1
1,1,1
1,1,1
1,1,1
0,1,1
1,1,1
1,0,1
1,1,1
1,0,1
1,1,1
1,1,0
0,1,1
1,1,0
0,1,1
1,1,1
0,0,1
0,1,0
1,1,1
1,0,0
1,1,1
1,0,1
1,0,1
1,1,1
1,1,0
0,0,1
0,0,1
0,0,1
1,0,0
1,1,1
0,0,1
1,0,1
1,1,1
1,1,1
1,1,0
1,1,1
1,0,1
1,1,1
1,1,0
1,1,1
1,1,1
1,0,1
1,1,1
0,1,1
1,1,1
1,1,1
1,1,1
1,1,1
1,1,1
1,0,1
1,0,1
1,1,1
1,0,1
1,1,1
1,1,1
1,1,1
1,1,1
1,1,1
0,1,1
1,1,1
1,1,1
1,1,1
1,1,1
1,1,1
1,1,1
1,1,0
1,1,1
0,1,1
1,1,1
1,1,0
1,0,1
1,1,1
1,1,0
1,1,1
1,1,1
1,1,1
1,1,1
1,1,1
1,1,1
1,0,0
1,1,0
0,1,0
1,1,1
0,1,0
1,1,0
1,1,1
1,0,1
1,1,1
1,1,1
1,1,1
1,1,1
0,0,1
1,1,1
1,1,1
1,1,0
1,0,1
0,1,1
0,0,1
1,1,1
1,1,1
1,0,1
0,1,1
0,1,1
1,1,1
1,0,1
1,1,1
1,1,1
0,0,1
1,1,0
0,0,1
1,1,1
1,1,1
0,1,1
1,0,0
1,1,1
1,1,1
0,1,1
1,1,1
1,1,1
1,1,1
1,1,1
0,0,1
1,1,1
1,1,0
1,0,1
0,0,1
1,1,1
1,1,0
1,1,1
0,0,1
1,1,0
1,0,1
1,1,1
1,0,1
1,1,1
1,1,1
0,1,1
1,1,1
1,1,1
1,1,0
1,1,1
1,0,1
1,1,1
0,1,1
1,1,1
1,1,1
1,1,0
1,1,1
1,1,1
1,1,1
0,1,1
0,1,0
1,0,1
0,1,1
1,1,1
1,1,0
1,1,0
1,1,1
1,1,1
0,1,1
1,1,1
1,1,1
1,1,1
1,1,0
1,1,1
1,1,1
0,1,1
1,1,1
1,1,1
1,1,1
1,1,1
1,1,1
1,1,0
0,1,0
1,1,0
1,1,1
1,1,1
0,1,1
1,1,0
1,0,1
0,0,1
1,1,1
1,1,1
1,1,1
1,1,1
1,1,1
0,1,1
0,0,1
1,1,0
1,1,1
0,1,1
1,1,1
0,1,0
1,1,1
1,1,1
1,0,1
1,1,1
1,0,1
1,0,0
1,1,1
0,1,1
1,1,0
1,1,1
1,1,1
1,1,0
1,1,1
1,1,0
1,1,0
1,1,1
1,0,0
1,0,1
1,1,1
1,1,0
1,1,1
0,0,1
1,0,0
1,1,0
1,0,1
1,1,1
1,1,1
0,1,1
1,1,1
1,0,0
0,1,1
0,1,1
0,1,1
1,1,1
1,1,1
1,1,0
0,1,0
0,1,1
1,1,1
1,1,1
1,1,1
1,1,0
0,1,1
1,0,0
0,1,1
1,1,1
1,0,1
1,1,1
1,1,1
0,1,1
0,1,1
0,0,0
1,1,1
1,1,1
1,1,1
1,1,1
0,1,1
0,1,1
1,0,0
1,0,1
1,1,1
1,0,1
1,1,1
1,1,1
1,1,1
0,1,1
1,1,0
1,1,1
1,1,1
0,1,0
0,0,1
1,1,1
1,0,1
1,1,0
1,0,1
0,1,0
1,1,0
0,1,1
1,1,0
1,1,1
1,1,1
1,1,1
1,1,0
1,1,1
1,1,1
1,0,1
1,1,1
1,1,1
1,1,1
1,1,1
1,1,1
1,1,1
1,1,0
1,1,1
1,1,1
0,1,1
0,1,0
1,1,1
1,1,1
1,1,1
1,0,0
1,0,1
1,0,1
1,0,0
1,1,0
0,1,1
1,1,1
1,1,0
1,1,1
1,1,1
1,1,0
1,1,1
1,1,1
1,0,0
1,1,1
1,1,1
1,0,1
1,1,1
1,1,1
1,1,0
1,1,1
1,1,1
1,1,1
0,1,1
1,1,1
1,0,1
0,1,1
1,1,1
0,1,1
1,1,1
1,1,1
0,1,1
1,1,1
0,1,1
1,1,1
1,1,0
0,0,1
1,1,0
1,1,1
1,1,1
1,1,1
1,0,1
1,1,1
0,1,1
0,1,1
0,1,1
1,1,1
1,1,1
1,1,0
1,1,1
1,1,1
1,1,0
1,1,1
1,1,1
0,1,1
1,1,1
1,0,1
1,1,1
1,0,1
1,0,1
1,1,1
0,1,1
1,1,0
1,1,1
1,0,1
1,0,1
1,1,0
0,1,1
1,1,0
0,1,1
1,0,1
0,0,1
1,1,1
1,1,1
0,1,1
1,1,1
1,1,1
1,1,1
1,1,1
1,1,1
0,0,1
1,1,1
1,0,1
1,1,1
1,1,0
1,0,1
1,1,1
1,1,1
1,1,1
1,0,1
1,1,1
1,1,1
1,1,1
1,0,0
1,1,1
1,1,1
1,1,1
1,0,1
0,1,0
1,1,0
1,1,1
1,0,1
1,1,1
1,1,1
1,1,1
0,1,1
1,1,1
1,1,1
0,0,1
1,1,1
1,1,1
1,1,1
1,1,1
0,0,1
0,1,1
1,0,1
1,1,1
1,0,0
0,1,1
1,1,0
1,1,1
1,1,1
0,1,1
0,1,1
1,1,0
1,1,0
1,1,0
1,1,1
1,1,1
0,1,1
1,1,1
0,1,0
1,1,1
1,1,0
0,1,1
1,1,1
1,0,1
0,1,1
1,1,0
1,1,1
0,1,1
1,1,1
1,1,0
1,1,1
1,0,1
0,1,1
1,1,1
1,0,1
1,1,1
1,1,1
1,1,0
1,1,1
1,1,1
1,0,1
1,1,1
1,1,1
0,1,1
1,1,1
1,1,1
1,1,1
1,1,1
0,1,1
1,1,1
1,1,1
1,1,0
1,0,1
0,1,1
1,1,1
1,1,1
1,1,1
1,0,1
1,1,1
1,0,1
1,1,0
1,1,1
1,1,1
1,1,1
1,1,1
1,1,1
1,1,0
1,0,1
1,1,1
0,1,0
1,1,1
1,1,1
1,1,1
1,1,1
1,1,1
0,1,1
1,0,0
1,1,1
1,1,1
1,1,1
0,1,1
1,1,0
1,1,1
1,1,1
1,0,1
0,1,1
1,1,1
1,1,0
0,0,1
1,1,1
0,1,1
1,1,1
1,1,1
1,1,1
1,1,1
0,0,1
1,1,1
1,1,1
0,1,1
1,1,1
1,1,1
1,1,0
1,1,1
1,0,1
1,1,1
1,0,1
1,1,1
1,0,1
1,1,0
1,0,0
1,1,1
1,1,0
1,1,1
1,1,1
1,1,1
1,0,1
1,1,1
1,1,0
1,1,1
0,0,1
1,1,1
1,1,0
1,0,1
1,1,0
1,1,1
1,1,1
1,1,0
1,1,1
0,1,1
1,0,1
0,1,1
1,0,1
1,1,1
1,0,1
1,0,1
0,0,1
1,1,1
1,1,1
0,1,1
0,1,1
0,0,1
1,1,1
1,1,1
1,1,0
1,1,1
0,0,0
1,1,1
1,1,1
1,1,1
1,1,1
1,0,0
1,1,1
1,1,1
1,1,0
0,1,1
1,1,0
1,1,0
1,1,1
1,1,1
1,1,1
1,1,1
0,0,1
1,1,1
1,1,1
1,1,1
1,1,1
1,1,0
1,1,1
1,1,1
1,0,1
1,1,1
1,1,1
1,0,1
1,1,1
1,1,1
0,1,1
0,1,1
1,0,1
1,1,1
1,1,1
1,1,1
0,1,1
1,1,0
1,1,1
1,0,1
1,0,1
1,1,1
1,1,1
1,1,0
1,1,1
1,1,1
0,1,0
1,1,1
1,1,0
1,1,1
1,1,1
1,1,1
0,0,1
0,1,1
0,0,1
1,1,1
1,0,1
1,1,1
1,1,1
1,1,1
1,0,1
1,1,1
1,1,1
1,1,0
1,1,1
0,1,1
1,0,1
1,1,1
1,1,1
1,1,0
1,1,0
1,0,1
1,1,1
1,1,1
1,1,1
1,1,0
0,1,1
0,1,1
1,1,0
1,1,1
1,1,1
0,1,0
0,1,0
0,0,1
0,1,1
1,1,0
1,0,1
1,1,1
1,0,1
1,1,1
1,1,1
0,0,0
1,1,1
1,1,1
1,1,1
1,1,1
1,1,1
1,0,1
1,1,1
0,1,1
1,0,1
1,1,0
1,1,1
0,0,1
1,1,0
1,1,1
1,0,1
1,0,1
0,1,1
0,1,1
0,1,1
0,1,1
1,1,1
1,1,1
1,1,1
1,1,0
1,1,1
1,1,1
1,0,1
1,1,1
0,1,1
1,0,1
1,1,1
1,0,1
1,1,1
0,1,1
1,1,1
1,1,0
1,0,1
1,1,1
1,1,1
1,1,0
1,1,1
0,1,1
1,1,1
1,1,1
1,1,1
1,0,1
1,1,1
1,0,1
1,1,1
0,0,1
0,1,1
0,1,1
1,1,1
1,0,1
0,1,1
1,0,1
1,1,1
1,0,1
1,1,1
0,1,0
0,1,1
1,1,1
1,0,1
0,0,0
1,1,1
1,1,1
1,1,1
1,1,0
1,1,1
1,0,1
1,1,0
1,1,1
1,1,1
1,1,0
1,0,0
1,0,1
1,0,1
1,1,1
1,1,1
0,1,1
1,1,1
1,1,0
1,1,1
1,0,1
0,1,1
1,0,1
1,0,1
0,1,1
0,1,0
1,0,0
1,1,1
1,1,1
1,1,1
1,1,1
0,0,1
1,1,1
1,0,0
1,1,1
1,1,0
1,1,0
1,1,1
1,1,1
1,1,1
0,1,1
1,1,1
1,1,1
1,1,1
1,1,1
1,1,0
1,0,1
1,1,1
1,0,1
1,1,1
0,0,1
0,1,1
1,1,1
1,1,1
0,0,1
1,1,1
1,1,1
1,1,1
1,0,1
1,1,1
0,1,1
1,0,1
1,0,1
1,1,1
1,1,1
1,0,1
1,1,1
0,1,0
1,1,1
1,0,1
1,1,1
1,1,1
1,1,0
1,1,1
1,1,1
1,1,1
1,1,1
1,1,1
0,1,1
1,1,1
0,0,1
1,1,1
0,1,1
1,1,1
1,0,1
0,1,0
1,1,1
1,1,1
1,1,1
1,1,1
1,1,1
1,1,1
1,1,1
1,1,0
1,1,1
1,1,1
0,1,0
0,1,1
1,1,0
1,1,1
1,0,1
1,1,1
0,1,1
1,1,1
1,1,0
0,1,1
1,1,0
1,0,1
1,1,1
1,1,1
1,1,1
1,1,1
1,1,1
1,1,1
1,1,0
1,0,1
1,0,0
1,1,1
0,1,1
0,1,1
1,1,0
0,0,1
1,1,0
1,1,1
1,0,1
1,1,0
1,0,1
1,0,1
0,1,1
1,1,1
1,1,1
1,1,1
1,1,1
1,1,1
1,1,0
1,1,1
0,1,0
1,1,1
1,0,1
1,0,0
1,1,1
1,1,0
1,0,1
1,1,1
1,1,1
1,1,1
1,1,1
1,1,0
1,1,1
1,1,1
1,1,0
1,1,1
1,1,1
1,1,1
1,1,1
1,0,1
1,1,1
1,0,1
1,1,0
0,1,1
1,1,1
1,0,1
0,1,1
0,1,0
0,1,1
1,1,0
1,0,1
1,0,1
0,1,1
1,1,1
1,1,1
1,1,0
1,1,1
1,1,1
1,0,1
1,1,1
1,1,0
1,1,1
1,1,1
1,1,1
1,0,1
1,1,1
1,1,1
0,1,1
1,1,1
1,1,0
1,1,1
1,1,1
1,1,0
1,1,1
1,1,1
0,1,0
0,1,1
1,1,0
0,1,1
1,1,1
1,0,1
1,1,0
1,1,0
1,1,1
1,1,0
1,1,1
1,1,1
0,0,1
1,1,0
1,0,1
1,1,1
1,1,1
0,1,0
1,0,1
1,1,1
1,1,0
1,0,1
0,1,1
1,0,1
1,1,1
1,1,1
1,0,1
0,1,1
0,1,1
1,1,0
1,1,1
1,0,1
0,1,1
1,1,0
1,1,1
0,1,1
1,1,0
1,1,1
1,1,1
1,1,1
1,1,0
0,0,0
1,1,1
1,0,1
1,1,1
1,1,1
1,1,0
1,1,1
1,1,1
1,1,0
1,1,1
1,1,1
1,1,1
1,1,1
0,1,1
0,1,1
1,1,0
1,1,1
1,1,0
0,1,1
1,1,1
1,1,0
0,1,1
1,1,1
1,1,1
0,0,0
1,1,1
1,1,1
1,0,0
1,1,1
1,0,1
0,1,1
0,1,0
1,1,1
1,1,1
1,0,1
0,0,1
0,1,0
1,1,1
1,1,1
1,1,0
0,0,1
0,0,1
1,1,1
1,1,1
1,1,1
0,1,1
1,1,0
1,1,1
0,1,1
0,0,1
1,1,0
1,0,0
1,1,1
1,1,1
1,0,1
1,1,1
1,1,1
1,1,1
1,1,1
1,1,1
1,1,1
1,0,1
0,0,1
1,1,1
1,1,1
0,1,1
0,1,1
1,1,1
0,1,1
1,1,1
0,1,1
0,0,1
0,1,1
1,1,1
1,1,1
1,1,1
0,0,1
1,1,1
1,1,1
1,1,1
1,1,1
1,1,1
0,1,0
1,1,1
1,0,1
1,1,0
1,1,1
1,0,1
1,1,1
1,1,0
1,1,1
1,1,1
1,0,1
1,0,0
1,1,1
1,0,1
0,0,1
0,1,1
1,1,0
1,0,1
1,0,1
0,1,0
1,1,1
0,1,0
1,1,1
1,1,1
1,1,0
1,1,0
1,1,1
1,0,1
1,1,0
0,0,1
1,1,1
1,1,0
0,0,0
0,1,1
1,1,1
1,1,1
1,0,1
1,1,1
1,1,1
0,0,1
1,1,1
1,1,0
1,1,1
1,1,1
0,1,1
1,0,1
1,1,0
1,0,1
1,1,1
0,1,1
1,1,0
1,1,1
1,0,1
1,1,0
1,1,1
1,0,0
1,1,1
1,1,0
0,0,1
0,1,1
1,0,1
1,1,0
0,1,1
1,0,1
1,0,1
1,1,1
1,1,1
1,1,1
1,1,1
1,1,1
1,1,0
1,1,1
1,0,1
1,1,1
1,1,0
0,1,0
1,1,1
1,1,1
1,0,1
0,1,0
1,1,1
1,0,1
1,1,1
1,1,1
1,1,0
1,1,0
1,0,1
1,1,1
1,1,1
1,1,0
0,1,0
1,0,0
1,0,1
1,1,0
0,1,1
1,1,1
1,1,1
1,1,1
1,0,0
1,1,1
0,0,1
1,1,1
1,1,1
1,1,1
1,0,1
1,1,1
1,0,1
1,1,0
1,1,1
1,1,1
1,1,1
1,1,1
1,1,1
1,1,1
1,0,1
1,1,1
1,1,0
1,0,1
1,1,0
0,0,1
1,0,1
1,0,1
1,1,1
1,1,1
0,1,0
1,1,1
1,1,0
1,1,1
1,1,1
1,1,1
0,1,1
1,1,1
1,1,1
1,1,1
1,1,1
1,0,0
1,0,1
1,1,1
1,1,1
0,1,1
1,1,1
0,1,0
1,1,1
0,1,1
0,1,1
1,1,1
1,1,1
1,1,1
1,1,1
1,1,1
0,1,1
0,1,1
0,0,1
1,0,0
1,1,1
1,1,0
1,1,0
0,1,1
1,0,1
0,1,0
1,1,1
1,0,1
1,1,1
1,1,1
1,1,1
1,1,1
1,1,1
1,1,1
0,0,1
1,1,1
0,1,1
1,1,1
0,1,1
1,1,1
1,0,1
1,1,1
1,1,1
1,0,0
1,1,1
1,1,1
1,1,1
1,1,0
1,1,1
1,1,1
1,0,1
1,1,0
1,0,1
1,1,1
1,1,1
1,1,1
1,1,1
1,1,1
1,0,1
1,0,0
1,1,0
1,1,1
1,0,0
1,0,1
1,1,0
0,1,1
1,1,1
1,0,1
1,1,0
1,1,0
1,1,1
1,1,1
0,0,1
1,1,1
1,1,1
1,1,1
1,0,1
1,1,0
1,1,1
1,1,1
0,1,1
1,1,1
1,1,1
1,1,1
1,1,1
0,1,1
1,1,0
1,1,1
1,1,1
1,1,0
1,1,1
1,1,1
0,0,0
1,1,0
1,1,1
1,1,1
1,1,0
1,1,1
1,1,0
1,1,1
1,1,1
1,1,1
1,0,1
1,1,1
1,0,1
1,1,1
1,1,1
1,1,1
0,1,1
1,1,0
0,1,1
1,1,0
1,1,1
1,1,0
1,0,1
1,1,1
1,1,1
1,0,1
1,1,1
1,1,1
1,1,0
0,1,1
1,0,1
1,1,1
1,1,1
1,0,1
0,0,1
0,1,1
1,1,1
1,0,1
1,1,0
0,1,1
1,0,1
1,1,1
0,1,1
0,1,1
0,1,1
1,1,1
0,1,1
1,0,1
1,1,1
1,1,1
1,1,1
1,0,0
1,1,0
0,0,1
1,1,0
1,1,1
0,0,1
1,1,1
0,1,1
1,1,1
1,1,1
1,1,0
1,0,1
1,1,0
0,1,1
1,0,0
1,1,1
1,1,1
0,1,1
1,1,1
1,1,1
1,1,1
1,0,1
1,1,1
1,1,0
1,1,1
1,1,0
1,1,0
1,1,1
0,1,1
1,1,1
1,1,1
1,1,1
0,1,1
1,1,1
1,1,1
1,1,1
1,1,1
0,1,1
0,1,1
1,1,0
0,1,1
1,1,1
1,0,1
1,1,1
1,0,1
1,1,1
1,0,1
1,0,0
0,1,0
1,1,1
0,1,1
1,1,1
1,1,1
1,0,1
1,1,1
0,0,1
1,1,0
1,1,1
1,1,1
1,1,1
1,1,0
1,1,0
1,1,1
0,1,1
0,1,1
0,1,1
1,1,1
1,1,1
1,1,1
1,1,0
1,0,1
1,1,1
1,1,1
0,0,1
1,1,1
0,1,0
1,0,1
0,1,1
1,1,1
1,0,1
1,1,1
1,1,0
1,1,1
1,1,1
1,1,0
1,1,0
1,1,1
0,1,1
1,1,1
0,1,1
1,1,1
1,1,1
0,0,1
0,1,1
1,1,1
1,1,1
1,0,1
1,1,1
1,1,0
1,1,1
1,1,1
1,0,1
0,1,1
1,1,1
1,0,1
1,1,0
0,1,1
1,1,1
1,1,1
1,1,1
1,1,1
1,1,1
0,1,1
1,1,1
1,1,0
1,1,0
1,1,1
1,1,0
0,1,0
1,1,1
1,0,1
1,0,1
1,1,1
1,1,1
1,1,1
1,1,1
1,0,1
1,1,1
0,1,0
1,1,1
1,0,1
1,1,0
1,1,1
0,1,1
1,1,1
0,1,1
1,1,1
1,1,1
1,1,1
1,1,1
1,1,1
1,1,1
1,1,1
0,1,1
1,1,0
0,1,0
1,1,1
1,1,1
1,0,0
1,0,1
1,1,1
1,1,1
0,1,1
1,1,0
0,1,1
1,0,1
1,1,1
0,1,1
1,1,1
1,1,1
1,1,1
1,1,1
1,1,1
1,1,0
0,1,0
1,1,0
1,1,1
0,1,1
0,1,0
0,1,1
0,1,1
1,1,0
1,0,1
1,1,1
1,0,1
1,1,1
1,1,1
1,1,1
0,1,1
1,1,0
1,1,1
1,1,1
1,1,1
1,1,0
0,1,1
1,1,1
1,1,1
1,0,0
1,1,0
1,1,0
1,1,1
1,1,1
1,1,1
1,0,1
1,1,1
1,1,1
1,1,1
1,1,0
1,1,1
1,0,0
1,1,1
0,0,1
1,1,0
1,1,0
1,1,1
0,1,1
1,1,0
1,1,1
1,1,1
1,0,1
1,1,1
1,1,1
1,1,0
1,1,1
1,1,1
1,1,1
1,1,1
1,1,1
1,0,1
1,1,0
1,1,1
1,1,1
1,1,0
1,1,0
1,1,1
1,1,1
0,0,1
1,1,1
1,0,1
1,0,1
1,1,1
1,1,0
1,0,1
1,1,1
1,1,1
1,1,1
1,1,1
1,1,1
0,1,1
1,1,1
1,1,1
1,1,0
1,1,0
1,1,1
1,0,1
1,1,1
0,1,1
1,0,0
1,1,0
1,1,0
1,1,1
1,1,1
1,1,0
1,0,0
0,0,1
1,1,0
1,1,1
0,1,0
1,1,1
1,1,1
1,0,1
1,1,1
0,0,1
1,0,1
1,0,1
1,1,1
1,1,0
1,1,1
0,1,1
1,0,0
1,1,0
1,1,0
1,1,1
1,0,1
1,0,1
1,1,1
1,1,0
1,1,1
1,1,1
1,1,1
0,1,0
1,1,1
1,1,0
1,1,1
0,1,1
1,1,1
1,0,0
1,1,0
1,1,1
1,1,1
1,1,1
1,1,1
1,0,0
1,0,1
1,1,0
1,1,0
1,1,1
1,1,0
1,1,0
1,1,1
1,1,1
1,1,1
0,1,1
1,1,0
1,1,1
0,1,1
1,1,1
1,1,1
1,1,0
1,0,1
0,1,1
1,1,1
0,1,1
1,0,1
1,1,1
0,1,1
1,1,1
1,1,1
1,1,1
1,1,1
1,1,1
1,1,0
1,1,0
1,1,1
0,1,1
1,1,0
0,0,1
1,1,1
1,0,1
1,1,1
1,1,1
1,0,1
1,0,0
0,1,1
1,1,0
1,0,1
1,1,1
1,1,0
1,1,1
1,1,1
1,1,1
1,1,1
0,1,1
1,1,1
1,0,1
1,1,1
1,1,1
0,1,1
1,1,1
0,1,1
1,1,1
1,1,1
1,1,1
0,0,1
1,0,1
1,1,1
0,1,1
1,0,1
0,1,1
1,1,1
1,1,1
1,1,1
1,0,1
1,1,1
1,1,1
1,1,1
0,1,1
1,1,1
1,0,1
1,1,1
1,1,1
1,1,1
1,1,0
1,1,1
0,1,1
1,0,0
1,1,1
1,1,1
1,1,1
1,1,0
0,1,0
0,1,1
1,1,0
1,1,1
1,1,0
1,1,1
0,1,1
1,1,1
0,0,1
1,1,1
1,1,0
1,1,1
1,1,0
1,1,1
1,0,0
1,1,1
1,0,1
0,0,1
1,1,1
1,1,1
0,0,0
1,1,0
1,0,0
1,1,1
1,0,1
0,1,1
0,1,1
1,1,1
0,1,1
1,1,1
0,1,1
1,0,1
1,0,1
0,0,1
1,0,0
0,1,1
1,1,1
0,1,1
1,1,0
1,0,1
0,1,1
0,1,1
1,1,1
1,1,1
0,1,1
1,1,0
1,1,0
1,1,1
1,0,1
0,0,1
1,1,1
1,1,1
1,1,1
1,1,1
1,1,0
0,1,1
1,0,1
1,1,1
1,1,1
1,1,1
0,1,1
1,1,1
1,1,1
1,1,0
1,1,1
1,0,1
1,1,1
1,1,1
1,1,1
1,1,0
1,0,1
1,1,1
1,1,0
1,1,1
1,1,1
0,1,1
1,0,0
0,1,1
0,0,1
0,1,1
1,1,0
0,0,1
1,0,1
1,1,1
1,0,1
1,1,1
0,1,1
1,1,0
1,1,1
1,1,1
1,0,1
0,1,1
1,1,1
1,0,0
0,1,1
0,1,1
1,1,1
1,1,1
1,1,0
1,1,1
1,1,1
1,0,1
1,1,0
1,1,1
1,1,1
0,1,1
1,1,1
1,1,1
1,1,1
1,1,1
1,1,1
1,1,1
0,0,1
1,0,1
1,1,1
0,1,1
0,1,1
0,1,1
1,0,1
1,1,1
1,1,1
1,0,0
1,0,1
1,1,0
1,1,1
0,1,1
1,1,0
1,1,1
1,1,0
0,1,1
0,0,0
1,1,1
1,1,1
1,0,0
1,1,1
1,1,1
1,1,0
1,0,0
1,1,1
0,1,1
0,1,1
1,1,0
1,1,0
1,1,1
0,0,1
1,1,1
1,0,1
1,1,1
1,1,1
1,1,0
1,1,1
1,1,1
1,1,1
1,0,1
1,1,1
0,1,1
1,1,1
1,1,0
1,1,1
1,1,1
1,1,0
1,1,1
1,1,1
1,1,1
1,1,1
1,1,0
1,1,0
0,0,0
1,1,0
1,0,1
1,1,1
0,1,1
1,1,1
1,1,1
1,1,1
1,0,1
0,1,1
1,1,1
1,1,1
1,1,1
1,1,1
1,1,1
1,1,0
1,1,1
1,1,1
1,1,0
1,1,1
1,0,1
0,0,1
1,1,1
1,0,1
0,1,1
1,0,1
1,1,1
1,1,0
1,1,1
1,1,1
0,1,1
1,1,0
1,1,1
1,1,1
1,1,1
1,1,1
1,1,1
1,1,1
1,1,1
0,1,1
1,1,1
0,1,1
1,1,1
1,1,0
0,1,1
1,1,1
1,1,1
1,1,1
1,1,1
1,1,1
0,1,1
0,1,1
1,0,1
1,1,1
1,0,1
1,1,1
1,0,1
1,1,1
0,0,1
0,1,1
1,1,1
1,1,1
1,1,1
1,0,1
1,1,1
1,0,1
1,1,0
1,1,0
1,1,1
0,0,0
1,0,1
1,0,1
1,1,1
0,1,1
1,1,1
1,1,1
1,0,1
1,1,1
1,1,0
1,0,0
0,1,1
1,1,1
0,1,1
0,1,1
1,1,1
1,1,1
1,1,0
1,1,1
1,1,1
0,1,1
0,1,0
1,1,1
1,0,1
1,1,0
0,1,1
1,1,1
1,1,1
1,1,1
1,1,1
0,1,1
1,1,1
0,0,1
1,0,1
1,1,1
1,1,1
1,1,1
0,1,1
1,1,1
1,1,1
1,0,1
1,1,1
1,1,1
0,1,1
1,1,1
1,1,1
1,1,1
1,0,1
1,1,1
1,1,1
1,1,1
1,1,1
1,1,0
1,1,1
1,0,0
1,1,1
1,1,1
1,1,1
1,1,1
1,1,1
1,1,1
0,0,1
1,1,0
1,1,0
1,1,1
1,1,1
1,1,1
1,0,1
1,1,1
1,1,1
0,1,1
1,0,1
1,1,1
0,1,1
1,1,1
0,1,1
1,1,1
1,1,1
1,1,1
0,1,1
0,0,1
1,1,1
1,1,0
1,0,1
1,1,1
1,1,1
1,0,0
1,1,1
1,1,1
1,1,0
1,1,1
1,1,1
1,1,1
0,1,1
1,1,1
1,1,1
0,1,0
0,1,1
1,1,0
1,1,1
1,1,1
0,1,1
1,0,1
1,0,1
1,1,1
0,1,1
1,1,1
1,1,1
1,1,0
1,1,1
0,0,1
0,1,0
0,0,1
1,1,1
1,1,1
1,1,1
1,0,1
1,1,1
1,1,0
1,1,1
1,1,1
1,1,0
0,1,1
1,0,1
0,0,0
1,0,1
1,1,1
1,1,1
1,1,1
1,1,1
1,1,1
1,0,0
0,0,1
1,1,1
1,1,1
1,0,1
0,1,1
1,1,1
1,1,1
0,1,1
0,1,1
1,1,1
1,1,0
1,1,0
1,1,1
1,1,1
1,1,0
1,0,1
1,1,1
0,1,1
1,1,1
1,1,1
1,1,1
1,1,1
1,1,1
1,1,1
1,1,1
1,1,1
1,0,0
1,1,0
0,1,1
1,0,0
1,1,1
1,1,1
1,1,1
0,1,0
0,1,1
1,0,1
1,1,1
1,1,0
0,0,1
1,1,0
1,1,1
1,1,1
1,1,1
0,1,0
0,1,1
1,0,1
1,0,1
0,1,1
1,1,0
1,1,1
1,0,1
1,1,1
1,1,1
1,1,1
1,1,1
1,1,1
0,0,1
1,1,1
1,1,1
1,1,1
1,1,1
0,1,1
0,1,1
1,1,1
1,1,1
0,1,1
1,1,1
1,1,1
1,1,1
0,1,1
1,1,1
1,0,1
1,1,1
1,0,1
1,1,1
1,1,1
1,1,1
0,1,1
0,1,1
1,1,1
0,1,1
0,0,1
1,1,1
1,1,1
1,1,0
1,1,0
1,1,0
0,1,1
0,1,0
1,1,1
1,1,1
1,1,0
1,1,1
1,0,1
1,1,1
1,1,1
0,1,1
1,0,0
1,1,0
1,1,1
1,0,1
1,1,1
1,1,1
0,1,1
1,1,1
1,1,1
0,1,1
1,1,1
1,1,1
1,0,1
0,1,0
1,1,1
1,1,1
0,1,1
0,0,1
1,1,1
1,0,0
0,1,0
1,1,1
1,1,0
1,1,1
1,1,1
0,1,1
1,1,1
1,1,1
1,1,1
1,1,1
1,1,0
1,1,1
1,1,1
1,0,1
1,0,1
1,1,1
1,1,0
1,1,1
1,1,1
1,1,0
0,1,1
1,0,1
1,1,0
1,0,1
0,1,1
0,0,1
1,1,1
1,1,1
1,1,1
0,1,1
1,0,1
1,0,0
0,1,1
1,0,1
1,1,1
1,1,1
1,0,1
1,1,1
1,1,1
1,1,1
1,1,0
1,1,1
1,1,1
1,0,1
1,1,0
1,1,1
1,1,1
1,1,1
1,1,1
0,1,1
1,1,0
1,1,1
1,1,1
1,1,1
0,1,1
0,0,1
1,1,1
0,1,1
1,1,1
1,1,1
0,1,0
1,0,0
1,1,1
1,1,0
1,1,1
0,1,1
1,0,1
1,1,1
1,1,1
1,1,1
1,1,1
1,1,1
0,1,1
1,1,1
1,1,0
1,1,1
1,1,1
1,1,1
1,1,1
1,1,1
1,1,1
